"Points:0","Points:1","Points:2"
0.25,0.5,258.495
0.25,0.5,258.44501
0.25,0.5,258.395
0.25,0.5,258.345
0.25,0.5,258.295
0.25,0.5,258.245
0.25,0.5,258.19501
0.25,0.5,258.145
0.25,0.5,258.095
0.25,0.5,258.045
0.25,0.5,257.995
0.25,0.5,257.94501
0.25,0.5,257.895
0.25,0.5,257.845
0.25,0.5,257.795
0.25,0.5,257.745
0.25,0.5,257.69501
0.25,0.5,257.645
0.25,0.5,257.595
0.25,0.5,257.545
0.25,0.5,257.495
0.25,0.5,257.44501
0.25,0.5,257.395
0.25,0.5,257.345
0.25,0.5,257.295
0.25,0.5,257.245
0.25,0.5,257.19501
0.25,0.5,257.145
0.25,0.5,257.095
0.25,0.5,257.045
0.25,0.5,256.995
0.25,0.5,256.94501
0.25,0.5,256.895
0.25,0.5,256.845
0.25,0.5,256.795
0.25,0.5,256.745
0.25,0.5,256.69501
0.25,0.5,256.645
0.25,0.5,256.595
0.25,0.5,256.545
0.25,0.5,256.495
0.25,0.5,256.44501
0.25,0.5,256.395
0.25,0.5,256.345
0.25,0.5,256.295
0.25,0.5,256.245
0.25,0.5,256.19501
0.25,0.5,256.145
0.25,0.5,256.095
0.25,0.5,256.045
0.75,0.5,258.49532
0.75,0.5,258.44532
0.75,0.5,258.39532
0.75,0.5,258.34531
0.75,0.5,258.29531
0.75,0.5,258.24532
0.75,0.5,258.19532
0.75,0.5,258.14532
0.75,0.5,258.09531
0.75,0.5,258.04531
0.75,0.5,257.99532
0.75,0.5,257.94532
0.75,0.5,257.89532
0.75,0.5,257.84531
0.75,0.5,257.79531
0.75,0.5,257.74532
0.75,0.5,257.69532
0.75,0.5,257.64532
0.75,0.5,257.59531
0.75,0.5,257.54531
0.75,0.5,257.49532
0.75,0.5,257.44532
0.75,0.5,257.39532
0.75,0.5,257.34531
0.75,0.5,257.29531
0.75,0.5,257.24532
0.75,0.5,257.19532
0.75,0.5,257.14532
0.75,0.5,257.09531
0.75,0.5,257.04531
0.75,0.5,256.99532
0.75,0.5,256.94532
0.75,0.5,256.89532
0.75,0.5,256.84531
0.75,0.5,256.79531
0.75,0.5,256.74532
0.75,0.5,256.69532
0.75,0.5,256.64532
0.75,0.5,256.59531
0.75,0.5,256.54531
0.75,0.5,256.49532
0.75,0.5,256.44532
0.75,0.5,256.39532
0.75,0.5,256.34531
0.75,0.5,256.29531
0.75,0.5,256.24532
0.75,0.5,256.19532
0.75,0.5,256.14532
0.75,0.5,256.09531
0.75,0.5,256.04531
1.25,0.5,258.73279
1.25,0.5,258.68279
1.25,0.5,258.63279
1.25,0.5,258.58279
1.25,0.5,258.53278
1.25,0.5,258.48279
1.25,0.5,258.43279
1.25,0.5,258.38279
1.25,0.5,258.33279
1.25,0.5,258.28278
1.25,0.5,258.23279
1.25,0.5,258.18279
1.25,0.5,258.13279
1.25,0.5,258.08279
1.25,0.5,258.03278
1.25,0.5,257.98279
1.25,0.5,257.93279
1.25,0.5,257.88279
1.25,0.5,257.83279
1.25,0.5,257.78278
1.25,0.5,257.73279
1.25,0.5,257.68279
1.25,0.5,257.63279
1.25,0.5,257.58279
1.25,0.5,257.53278
1.25,0.5,257.48279
1.25,0.5,257.43279
1.25,0.5,257.38279
1.25,0.5,257.33279
1.25,0.5,257.28278
1.25,0.5,257.23279
1.25,0.5,257.18279
1.25,0.5,257.13279
1.25,0.5,257.08279
1.25,0.5,257.03278
1.25,0.5,256.98279
1.25,0.5,256.93279
1.25,0.5,256.88279
1.25,0.5,256.83279
1.25,0.5,256.78278
1.25,0.5,256.73279
1.25,0.5,256.68279
1.25,0.5,256.63279
1.25,0.5,256.58279
1.25,0.5,256.53278
1.25,0.5,256.48279
1.25,0.5,256.43279
1.25,0.5,256.38279
1.25,0.5,256.33279
1.25,0.5,256.28278
1.75,0.5,259.20667
1.75,0.5,259.15668
1.75,0.5,259.10667
1.75,0.5,259.05667
1.75,0.5,259.00667
1.75,0.5,258.95667
1.75,0.5,258.90668
1.75,0.5,258.85667
1.75,0.5,258.80667
1.75,0.5,258.75667
1.75,0.5,258.70667
1.75,0.5,258.65668
1.75,0.5,258.60667
1.75,0.5,258.55667
1.75,0.5,258.50667
1.75,0.5,258.45667
1.75,0.5,258.40668
1.75,0.5,258.35667
1.75,0.5,258.30667
1.75,0.5,258.25667
1.75,0.5,258.20667
1.75,0.5,258.15668
1.75,0.5,258.10667
1.75,0.5,258.05667
1.75,0.5,258.00667
1.75,0.5,257.95667
1.75,0.5,257.90668
1.75,0.5,257.85667
1.75,0.5,257.80667
1.75,0.5,257.75667
1.75,0.5,257.70667
1.75,0.5,257.65668
1.75,0.5,257.60667
1.75,0.5,257.55667
1.75,0.5,257.50667
1.75,0.5,257.45667
1.75,0.5,257.40668
1.75,0.5,257.35667
1.75,0.5,257.30667
1.75,0.5,257.25667
1.75,0.5,257.20667
1.75,0.5,257.15668
1.75,0.5,257.10667
1.75,0.5,257.05667
1.75,0.5,257.00667
1.75,0.5,256.95667
1.75,0.5,256.90668
1.75,0.5,256.85667
1.75,0.5,256.80667
1.75,0.5,256.75667
1.75,0.5,256.58167
0.25,0.5,255.87
0.25,0.5,255.32
0.25,0.5,254.27
0.25,0.5,252.72
0.25,0.5,250.67001
0.25,0.5,248.12
0.25,0.5,245.07
0.25,0.5,241.52
0.75,0.5,255.87031
0.75,0.5,255.32032
0.75,0.5,254.27032
0.75,0.5,252.72032
0.75,0.5,250.67032
0.75,0.5,248.12032
0.75,0.5,245.07032
0.75,0.5,241.52032
1.25,0.5,256.10778
1.25,0.5,255.55779
1.25,0.5,254.50779
1.25,0.5,252.95779
1.25,0.5,250.90779
1.25,0.5,248.35779
1.25,0.5,245.30779
1.25,0.5,241.75779
1.75,0.5,256.03167
1.75,0.5,254.98167
1.75,0.5,253.43167
1.75,0.5,251.38168
1.75,0.5,248.83167
1.75,0.5,245.78167
1.75,0.5,242.23167
2.25,0.5,259.51794
2.25,0.5,259.46795
2.25,0.5,259.41795
2.25,0.5,259.36795
2.25,0.5,259.31795
2.25,0.5,259.26794
2.25,0.5,259.21795
2.25,0.5,259.16795
2.25,0.5,259.11795
2.25,0.5,259.06795
2.25,0.5,259.01794
2.25,0.5,258.96795
2.25,0.5,258.91795
2.25,0.5,258.86795
2.25,0.5,258.81795
2.25,0.5,258.76794
2.25,0.5,258.71795
2.25,0.5,258.66795
2.25,0.5,258.61795
2.25,0.5,258.56795
2.25,0.5,258.51794
2.25,0.5,258.46795
2.25,0.5,258.41795
2.25,0.5,258.36795
2.25,0.5,258.31795
2.25,0.5,258.26794
2.25,0.5,258.21795
2.25,0.5,258.16795
2.25,0.5,258.11795
2.25,0.5,258.06795
2.25,0.5,258.01794
2.25,0.5,257.96795
2.25,0.5,257.91795
2.25,0.5,257.86795
2.25,0.5,257.81795
2.25,0.5,257.76794
2.25,0.5,257.71795
2.25,0.5,257.66795
2.25,0.5,257.61795
2.25,0.5,257.56795
2.25,0.5,257.51794
2.25,0.5,257.46795
2.25,0.5,257.41795
2.25,0.5,257.36795
2.25,0.5,257.31795
2.25,0.5,257.26794
2.25,0.5,257.21795
2.25,0.5,257.16795
2.25,0.5,257.11795
2.25,0.5,257.06795
2.25,0.5,256.89294
2.25,0.5,256.34295
2.75,0.5,259.66714
2.75,0.5,259.61714
2.75,0.5,259.56714
2.75,0.5,259.51715
2.75,0.5,259.46715
2.75,0.5,259.41714
2.75,0.5,259.36714
2.75,0.5,259.31714
2.75,0.5,259.26715
2.75,0.5,259.21715
2.75,0.5,259.16714
2.75,0.5,259.11714
2.75,0.5,259.06714
2.75,0.5,259.01715
2.75,0.5,258.96715
2.75,0.5,258.91714
2.75,0.5,258.86714
2.75,0.5,258.81714
2.75,0.5,258.76715
2.75,0.5,258.71715
2.75,0.5,258.66714
2.75,0.5,258.61714
2.75,0.5,258.56714
2.75,0.5,258.51715
2.75,0.5,258.46715
2.75,0.5,258.41714
2.75,0.5,258.36714
2.75,0.5,258.31714
2.75,0.5,258.26715
2.75,0.5,258.21715
2.75,0.5,258.16714
2.75,0.5,258.11714
2.75,0.5,258.06714
2.75,0.5,258.01715
2.75,0.5,257.96715
2.75,0.5,257.91714
2.75,0.5,257.86714
2.75,0.5,257.81714
2.75,0.5,257.76715
2.75,0.5,257.71715
2.75,0.5,257.66714
2.75,0.5,257.61714
2.75,0.5,257.56714
2.75,0.5,257.51715
2.75,0.5,257.46715
2.75,0.5,257.41714
2.75,0.5,257.36714
2.75,0.5,257.31714
2.75,0.5,257.26715
2.75,0.5,257.21715
2.75,0.5,257.04214
2.75,0.5,256.49214
3.25,0.5,259.84033
3.25,0.5,259.79033
3.25,0.5,259.74033
3.25,0.5,259.69033
3.25,0.5,259.64033
3.25,0.5,259.59033
3.25,0.5,259.54033
3.25,0.5,259.49033
3.25,0.5,259.44033
3.25,0.5,259.39033
3.25,0.5,259.34033
3.25,0.5,259.29033
3.25,0.5,259.24033
3.25,0.5,259.19033
3.25,0.5,259.14033
3.25,0.5,259.09033
3.25,0.5,259.04033
3.25,0.5,258.99033
3.25,0.5,258.94033
3.25,0.5,258.89033
3.25,0.5,258.84033
3.25,0.5,258.79033
3.25,0.5,258.74033
3.25,0.5,258.69033
3.25,0.5,258.64033
3.25,0.5,258.59033
3.25,0.5,258.54033
3.25,0.5,258.49033
3.25,0.5,258.44033
3.25,0.5,258.39033
3.25,0.5,258.34033
3.25,0.5,258.29033
3.25,0.5,258.24033
3.25,0.5,258.19033
3.25,0.5,258.14033
3.25,0.5,258.09033
3.25,0.5,258.04033
3.25,0.5,257.99033
3.25,0.5,257.94033
3.25,0.5,257.89033
3.25,0.5,257.84033
3.25,0.5,257.79033
3.25,0.5,257.74033
3.25,0.5,257.69033
3.25,0.5,257.64033
3.25,0.5,257.59033
3.25,0.5,257.54033
3.25,0.5,257.49033
3.25,0.5,257.44033
3.25,0.5,257.39033
3.25,0.5,257.21533
3.25,0.5,256.66533
3.75,0.5,260.03732
3.75,0.5,259.98732
3.75,0.5,259.93732
3.75,0.5,259.88731
3.75,0.5,259.83731
3.75,0.5,259.78732
3.75,0.5,259.73732
3.75,0.5,259.68732
3.75,0.5,259.63731
3.75,0.5,259.58731
3.75,0.5,259.53732
3.75,0.5,259.48732
3.75,0.5,259.43732
3.75,0.5,259.38731
3.75,0.5,259.33731
3.75,0.5,259.28732
3.75,0.5,259.23732
3.75,0.5,259.18732
3.75,0.5,259.13731
3.75,0.5,259.08731
3.75,0.5,259.03732
3.75,0.5,258.98732
3.75,0.5,258.93732
3.75,0.5,258.88731
3.75,0.5,258.83731
3.75,0.5,258.78732
3.75,0.5,258.73732
3.75,0.5,258.68732
3.75,0.5,258.63731
3.75,0.5,258.58731
3.75,0.5,258.53732
3.75,0.5,258.48732
3.75,0.5,258.43732
3.75,0.5,258.38731
3.75,0.5,258.33731
3.75,0.5,258.28732
3.75,0.5,258.23732
3.75,0.5,258.18732
3.75,0.5,258.13731
3.75,0.5,258.08731
3.75,0.5,258.03732
3.75,0.5,257.98732
3.75,0.5,257.93732
3.75,0.5,257.88731
3.75,0.5,257.83731
3.75,0.5,257.78732
3.75,0.5,257.73732
3.75,0.5,257.68732
3.75,0.5,257.63731
3.75,0.5,257.58731
3.75,0.5,257.41232
3.75,0.5,256.86232
4.25,0.5,260.21725
4.25,0.5,260.16724
4.25,0.5,260.11725
4.25,0.5,260.06725
4.25,0.5,260.01724
4.25,0.5,259.96725
4.25,0.5,259.91724
4.25,0.5,259.86725
4.25,0.5,259.81725
4.25,0.5,259.76724
4.25,0.5,259.71725
4.25,0.5,259.66724
4.25,0.5,259.61725
4.25,0.5,259.56725
4.25,0.5,259.51724
4.25,0.5,259.46725
4.25,0.5,259.41724
4.25,0.5,259.36725
4.25,0.5,259.31725
4.25,0.5,259.26724
4.25,0.5,259.21725
4.25,0.5,259.16724
4.25,0.5,259.11725
4.25,0.5,259.06725
4.25,0.5,259.01724
4.25,0.5,258.96725
4.25,0.5,258.91724
4.25,0.5,258.86725
4.25,0.5,258.81725
4.25,0.5,258.76724
4.25,0.5,258.71725
4.25,0.5,258.66724
4.25,0.5,258.61725
4.25,0.5,258.56725
4.25,0.5,258.51724
4.25,0.5,258.46725
4.25,0.5,258.41724
4.25,0.5,258.36725
4.25,0.5,258.31725
4.25,0.5,258.26724
4.25,0.5,258.21725
4.25,0.5,258.16724
4.25,0.5,258.11725
4.25,0.5,258.06725
4.25,0.5,258.01724
4.25,0.5,257.96725
4.25,0.5,257.91724
4.25,0.5,257.86725
4.25,0.5,257.81725
4.25,0.5,257.76724
4.25,0.5,257.59225
4.25,0.5,257.04224
2.25,0.5,255.29294
2.25,0.5,253.74295
2.25,0.5,251.69295
2.25,0.5,249.14294
2.25,0.5,246.09295
2.25,0.5,242.54295
2.75,0.5,255.44214
2.75,0.5,253.89214
2.75,0.5,251.84214
2.75,0.5,249.29214
2.75,0.5,246.24214
2.75,0.5,242.69215
3.25,0.5,255.61533
3.25,0.5,254.06533
3.25,0.5,252.01533
3.25,0.5,249.46532
3.25,0.5,246.41533
3.25,0.5,242.86533
3.75,0.5,255.81232
3.75,0.5,254.26232
3.75,0.5,252.21232
3.75,0.5,249.66232
3.75,0.5,246.61232
3.75,0.5,243.06232
4.25,0.5,255.99224
4.25,0.5,254.44225
4.25,0.5,252.39225
4.25,0.5,249.84225
4.25,0.5,246.79225
4.25,0.5,243.24225
4.75,0.5,260.37994
4.75,0.5,260.32994
4.75,0.5,260.27995
4.75,0.5,260.22994
4.75,0.5,260.17995
4.75,0.5,260.12994
4.75,0.5,260.07994
4.75,0.5,260.02995
4.75,0.5,259.97994
4.75,0.5,259.92995
4.75,0.5,259.87994
4.75,0.5,259.82994
4.75,0.5,259.77995
4.75,0.5,259.72994
4.75,0.5,259.67995
4.75,0.5,259.62994
4.75,0.5,259.57994
4.75,0.5,259.52995
4.75,0.5,259.47994
4.75,0.5,259.42995
4.75,0.5,259.37994
4.75,0.5,259.32994
4.75,0.5,259.27995
4.75,0.5,259.22994
4.75,0.5,259.17995
4.75,0.5,259.12994
4.75,0.5,259.07994
4.75,0.5,259.02995
4.75,0.5,258.97994
4.75,0.5,258.92995
4.75,0.5,258.87994
4.75,0.5,258.82994
4.75,0.5,258.77995
4.75,0.5,258.72994
4.75,0.5,258.67995
4.75,0.5,258.62994
4.75,0.5,258.57994
4.75,0.5,258.52995
4.75,0.5,258.47994
4.75,0.5,258.42995
4.75,0.5,258.37994
4.75,0.5,258.32994
4.75,0.5,258.27995
4.75,0.5,258.22994
4.75,0.5,258.17995
4.75,0.5,258.12994
4.75,0.5,258.07994
4.75,0.5,258.02995
4.75,0.5,257.97994
4.75,0.5,257.92995
4.75,0.5,257.75494
4.75,0.5,257.20494
4.75,0.5,256.15495
5.25,0.5,260.5034
5.25,0.5,260.45339
5.25,0.5,260.40339
5.25,0.5,260.35339
5.25,0.5,260.30339
5.25,0.5,260.2534
5.25,0.5,260.20339
5.25,0.5,260.15339
5.25,0.5,260.10339
5.25,0.5,260.05339
5.25,0.5,260.0034
5.25,0.5,259.95339
5.25,0.5,259.90339
5.25,0.5,259.85339
5.25,0.5,259.80339
5.25,0.5,259.7534
5.25,0.5,259.70339
5.25,0.5,259.65339
5.25,0.5,259.60339
5.25,0.5,259.55339
5.25,0.5,259.5034
5.25,0.5,259.45339
5.25,0.5,259.40339
5.25,0.5,259.35339
5.25,0.5,259.30339
5.25,0.5,259.2534
5.25,0.5,259.20339
5.25,0.5,259.15339
5.25,0.5,259.10339
5.25,0.5,259.05339
5.25,0.5,259.0034
5.25,0.5,258.95339
5.25,0.5,258.90339
5.25,0.5,258.85339
5.25,0.5,258.80339
5.25,0.5,258.7534
5.25,0.5,258.70339
5.25,0.5,258.65339
5.25,0.5,258.60339
5.25,0.5,258.55339
5.25,0.5,258.5034
5.25,0.5,258.45339
5.25,0.5,258.40339
5.25,0.5,258.35339
5.25,0.5,258.30339
5.25,0.5,258.2534
5.25,0.5,258.20339
5.25,0.5,258.15339
5.25,0.5,258.10339
5.25,0.5,258.05339
5.25,0.5,257.8784
5.25,0.5,257.32839
5.25,0.5,256.27839
5.75,0.5,260.58778
5.75,0.5,260.53779
5.75,0.5,260.48779
5.75,0.5,260.43778
5.75,0.5,260.38778
5.75,0.5,260.33778
5.75,0.5,260.28779
5.75,0.5,260.23779
5.75,0.5,260.18778
5.75,0.5,260.13778
5.75,0.5,260.08778
5.75,0.5,260.03779
5.75,0.5,259.98779
5.75,0.5,259.93778
5.75,0.5,259.88778
5.75,0.5,259.83778
5.75,0.5,259.78779
5.75,0.5,259.73779
5.75,0.5,259.68778
5.75,0.5,259.63778
5.75,0.5,259.58778
5.75,0.5,259.53779
5.75,0.5,259.48779
5.75,0.5,259.43778
5.75,0.5,259.38778
5.75,0.5,259.33778
5.75,0.5,259.28779
5.75,0.5,259.23779
5.75,0.5,259.18778
5.75,0.5,259.13778
5.75,0.5,259.08778
5.75,0.5,259.03779
5.75,0.5,258.98779
5.75,0.5,258.93778
5.75,0.5,258.88778
5.75,0.5,258.83778
5.75,0.5,258.78779
5.75,0.5,258.73779
5.75,0.5,258.68778
5.75,0.5,258.63778
5.75,0.5,258.58778
5.75,0.5,258.53779
5.75,0.5,258.48779
5.75,0.5,258.43778
5.75,0.5,258.38778
5.75,0.5,258.33778
5.75,0.5,258.28779
5.75,0.5,258.23779
5.75,0.5,258.18778
5.75,0.5,258.13778
5.75,0.5,257.96278
5.75,0.5,257.41279
5.75,0.5,256.36279
6.25,0.5,260.66444
6.25,0.5,260.61446
6.25,0.5,260.56445
6.25,0.5,260.51445
6.25,0.5,260.46445
6.25,0.5,260.41444
6.25,0.5,260.36446
6.25,0.5,260.31445
6.25,0.5,260.26445
6.25,0.5,260.21445
6.25,0.5,260.16444
6.25,0.5,260.11446
6.25,0.5,260.06445
6.25,0.5,260.01445
6.25,0.5,259.96445
6.25,0.5,259.91444
6.25,0.5,259.86446
6.25,0.5,259.81445
6.25,0.5,259.76445
6.25,0.5,259.71445
6.25,0.5,259.66444
6.25,0.5,259.61446
6.25,0.5,259.56445
6.25,0.5,259.51445
6.25,0.5,259.46445
6.25,0.5,259.41444
6.25,0.5,259.36446
6.25,0.5,259.31445
6.25,0.5,259.26445
6.25,0.5,259.21445
6.25,0.5,259.16444
6.25,0.5,259.11446
6.25,0.5,259.06445
6.25,0.5,259.01445
6.25,0.5,258.96445
6.25,0.5,258.91444
6.25,0.5,258.86446
6.25,0.5,258.81445
6.25,0.5,258.76445
6.25,0.5,258.71445
6.25,0.5,258.66444
6.25,0.5,258.61446
6.25,0.5,258.56445
6.25,0.5,258.51445
6.25,0.5,258.46445
6.25,0.5,258.41444
6.25,0.5,258.36446
6.25,0.5,258.31445
6.25,0.5,258.26445
6.25,0.5,258.21445
6.25,0.5,258.03944
6.25,0.5,257.48946
6.25,0.5,256.43946
4.75,0.5,254.60495
4.75,0.5,252.55495
4.75,0.5,250.00494
4.75,0.5,246.95494
4.75,0.5,243.40495
5.25,0.5,254.72839
5.25,0.5,252.67839
5.25,0.5,250.12839
5.25,0.5,247.07839
5.25,0.5,243.52839
5.75,0.5,254.81279
5.75,0.5,252.76279
5.75,0.5,250.21278
5.75,0.5,247.16278
5.75,0.5,243.61279
6.25,0.5,254.88945
6.25,0.5,252.83945
6.25,0.5,250.28945
6.25,0.5,247.23945
6.25,0.5,243.68945
6.75,0.5,260.73335
6.75,0.5,260.68336
6.75,0.5,260.63335
6.75,0.5,260.58336
6.75,0.5,260.53336
6.75,0.5,260.48335
6.75,0.5,260.43336
6.75,0.5,260.38335
6.75,0.5,260.33336
6.75,0.5,260.28336
6.75,0.5,260.23335
6.75,0.5,260.18336
6.75,0.5,260.13335
6.75,0.5,260.08336
6.75,0.5,260.03336
6.75,0.5,259.98335
6.75,0.5,259.93336
6.75,0.5,259.88335
6.75,0.5,259.83336
6.75,0.5,259.78336
6.75,0.5,259.73335
6.75,0.5,259.68336
6.75,0.5,259.63335
6.75,0.5,259.58336
6.75,0.5,259.53336
6.75,0.5,259.48335
6.75,0.5,259.43336
6.75,0.5,259.38335
6.75,0.5,259.33336
6.75,0.5,259.28336
6.75,0.5,259.23335
6.75,0.5,259.18336
6.75,0.5,259.13335
6.75,0.5,259.08336
6.75,0.5,259.03336
6.75,0.5,258.98335
6.75,0.5,258.93336
6.75,0.5,258.88335
6.75,0.5,258.83336
6.75,0.5,258.78336
6.75,0.5,258.73335
6.75,0.5,258.68336
6.75,0.5,258.63335
6.75,0.5,258.58336
6.75,0.5,258.53336
6.75,0.5,258.48335
6.75,0.5,258.43336
6.75,0.5,258.38335
6.75,0.5,258.33336
6.75,0.5,258.28336
6.75,0.5,258.10835
6.75,0.5,257.55836
6.75,0.5,256.50835
7.25,0.5,260.79253
7.25,0.5,260.74253
7.25,0.5,260.69253
7.25,0.5,260.64253
7.25,0.5,260.59253
7.25,0.5,260.54253
7.25,0.5,260.49253
7.25,0.5,260.44253
7.25,0.5,260.39253
7.25,0.5,260.34253
7.25,0.5,260.29253
7.25,0.5,260.24253
7.25,0.5,260.19253
7.25,0.5,260.14253
7.25,0.5,260.09253
7.25,0.5,260.04253
7.25,0.5,259.99253
7.25,0.5,259.94253
7.25,0.5,259.89253
7.25,0.5,259.84253
7.25,0.5,259.79253
7.25,0.5,259.74253
7.25,0.5,259.69253
7.25,0.5,259.64253
7.25,0.5,259.59253
7.25,0.5,259.54253
7.25,0.5,259.49253
7.25,0.5,259.44253
7.25,0.5,259.39253
7.25,0.5,259.34253
7.25,0.5,259.29253
7.25,0.5,259.24253
7.25,0.5,259.19253
7.25,0.5,259.14253
7.25,0.5,259.09253
7.25,0.5,259.04253
7.25,0.5,258.99253
7.25,0.5,258.94253
7.25,0.5,258.89253
7.25,0.5,258.84253
7.25,0.5,258.79253
7.25,0.5,258.74253
7.25,0.5,258.69253
7.25,0.5,258.64253
7.25,0.5,258.59253
7.25,0.5,258.54253
7.25,0.5,258.49253
7.25,0.5,258.44253
7.25,0.5,258.39253
7.25,0.5,258.34253
7.25,0.5,258.16753
7.25,0.5,257.61753
7.25,0.5,256.56753
7.75,0.5,260.84204
7.75,0.5,260.79205
7.75,0.5,260.74204
7.75,0.5,260.69205
7.75,0.5,260.64204
7.75,0.5,260.59204
7.75,0.5,260.54205
7.75,0.5,260.49204
7.75,0.5,260.44205
7.75,0.5,260.39204
7.75,0.5,260.34204
7.75,0.5,260.29205
7.75,0.5,260.24204
7.75,0.5,260.19205
7.75,0.5,260.14204
7.75,0.5,260.09204
7.75,0.5,260.04205
7.75,0.5,259.99204
7.75,0.5,259.94205
7.75,0.5,259.89204
7.75,0.5,259.84204
7.75,0.5,259.79205
7.75,0.5,259.74204
7.75,0.5,259.69205
7.75,0.5,259.64204
7.75,0.5,259.59204
7.75,0.5,259.54205
7.75,0.5,259.49204
7.75,0.5,259.44205
7.75,0.5,259.39204
7.75,0.5,259.34204
7.75,0.5,259.29205
7.75,0.5,259.24204
7.75,0.5,259.19205
7.75,0.5,259.14204
7.75,0.5,259.09204
7.75,0.5,259.04205
7.75,0.5,258.99204
7.75,0.5,258.94205
7.75,0.5,258.89204
7.75,0.5,258.84204
7.75,0.5,258.79205
7.75,0.5,258.74204
7.75,0.5,258.69205
7.75,0.5,258.64204
7.75,0.5,258.59204
7.75,0.5,258.54205
7.75,0.5,258.49204
7.75,0.5,258.44205
7.75,0.5,258.39204
7.75,0.5,258.21704
7.75,0.5,257.66705
7.75,0.5,256.61704
8.25,0.5,260.88983
8.25,0.5,260.83983
8.25,0.5,260.78983
8.25,0.5,260.73984
8.25,0.5,260.68983
8.25,0.5,260.63983
8.25,0.5,260.58983
8.25,0.5,260.53983
8.25,0.5,260.48984
8.25,0.5,260.43983
8.25,0.5,260.38983
8.25,0.5,260.33983
8.25,0.5,260.28983
8.25,0.5,260.23984
8.25,0.5,260.18983
8.25,0.5,260.13983
8.25,0.5,260.08983
8.25,0.5,260.03983
8.25,0.5,259.98984
8.25,0.5,259.93983
8.25,0.5,259.88983
8.25,0.5,259.83983
8.25,0.5,259.78983
8.25,0.5,259.73984
8.25,0.5,259.68983
8.25,0.5,259.63983
8.25,0.5,259.58983
8.25,0.5,259.53983
8.25,0.5,259.48984
8.25,0.5,259.43983
8.25,0.5,259.38983
8.25,0.5,259.33983
8.25,0.5,259.28983
8.25,0.5,259.23984
8.25,0.5,259.18983
8.25,0.5,259.13983
8.25,0.5,259.08983
8.25,0.5,259.03983
8.25,0.5,258.98984
8.25,0.5,258.93983
8.25,0.5,258.88983
8.25,0.5,258.83983
8.25,0.5,258.78983
8.25,0.5,258.73984
8.25,0.5,258.68983
8.25,0.5,258.63983
8.25,0.5,258.58983
8.25,0.5,258.53983
8.25,0.5,258.48984
8.25,0.5,258.43983
8.25,0.5,258.26483
8.25,0.5,257.71483
8.25,0.5,256.66483
8.75,0.5,260.93583
8.75,0.5,260.88583
8.75,0.5,260.83583
8.75,0.5,260.78584
8.75,0.5,260.73583
8.75,0.5,260.68583
8.75,0.5,260.63583
8.75,0.5,260.58583
8.75,0.5,260.53584
8.75,0.5,260.48583
8.75,0.5,260.43583
8.75,0.5,260.38583
8.75,0.5,260.33583
8.75,0.5,260.28584
8.75,0.5,260.23583
8.75,0.5,260.18583
8.75,0.5,260.13583
8.75,0.5,260.08583
8.75,0.5,260.03584
8.75,0.5,259.98583
8.75,0.5,259.93583
8.75,0.5,259.88583
8.75,0.5,259.83583
8.75,0.5,259.78584
8.75,0.5,259.73583
8.75,0.5,259.68583
8.75,0.5,259.63583
8.75,0.5,259.58583
8.75,0.5,259.53584
8.75,0.5,259.48583
8.75,0.5,259.43583
8.75,0.5,259.38583
8.75,0.5,259.33583
8.75,0.5,259.28584
8.75,0.5,259.23583
8.75,0.5,259.18583
8.75,0.5,259.13583
8.75,0.5,259.08583
8.75,0.5,259.03584
8.75,0.5,258.98583
8.75,0.5,258.93583
8.75,0.5,258.88583
8.75,0.5,258.83583
8.75,0.5,258.78584
8.75,0.5,258.73583
8.75,0.5,258.68583
8.75,0.5,258.63583
8.75,0.5,258.58583
8.75,0.5,258.53584
8.75,0.5,258.48583
8.75,0.5,258.31083
8.75,0.5,257.76083
8.75,0.5,256.71083
6.75,0.5,254.95835
6.75,0.5,252.90835
6.75,0.5,250.35836
6.75,0.5,247.30836
6.75,0.5,243.75835
7.25,0.5,255.01752
7.25,0.5,252.96753
7.25,0.5,250.41753
7.25,0.5,247.36753
7.25,0.5,243.81753
7.75,0.5,255.06704
7.75,0.5,253.01704
7.75,0.5,250.46704
7.75,0.5,247.41705
7.75,0.5,243.86704
8.25,0.5,255.11483
8.25,0.5,253.06483
8.25,0.5,250.51483
8.25,0.5,247.46484
8.25,0.5,243.91483
8.75,0.5,255.16083
8.75,0.5,253.11083
8.75,0.5,250.56083
8.75,0.5,247.51083
8.75,0.5,243.96083
9.25,0.5,260.97495
9.25,0.5,260.92494
9.25,0.5,260.87495
9.25,0.5,260.82495
9.25,0.5,260.77495
9.25,0.5,260.72495
9.25,0.5,260.67494
9.25,0.5,260.62495
9.25,0.5,260.57495
9.25,0.5,260.52495
9.25,0.5,260.47495
9.25,0.5,260.42494
9.25,0.5,260.37495
9.25,0.5,260.32495
9.25,0.5,260.27495
9.25,0.5,260.22495
9.25,0.5,260.17494
9.25,0.5,260.12495
9.25,0.5,260.07495
9.25,0.5,260.02495
9.25,0.5,259.97495
9.25,0.5,259.92494
9.25,0.5,259.87495
9.25,0.5,259.82495
9.25,0.5,259.77495
9.25,0.5,259.72495
9.25,0.5,259.67494
9.25,0.5,259.62495
9.25,0.5,259.57495
9.25,0.5,259.52495
9.25,0.5,259.47495
9.25,0.5,259.42494
9.25,0.5,259.37495
9.25,0.5,259.32495
9.25,0.5,259.27495
9.25,0.5,259.22495
9.25,0.5,259.17494
9.25,0.5,259.12495
9.25,0.5,259.07495
9.25,0.5,259.02495
9.25,0.5,258.97495
9.25,0.5,258.92494
9.25,0.5,258.87495
9.25,0.5,258.82495
9.25,0.5,258.77495
9.25,0.5,258.72495
9.25,0.5,258.67494
9.25,0.5,258.62495
9.25,0.5,258.57495
9.25,0.5,258.52495
9.25,0.5,258.34995
9.25,0.5,257.79994
9.25,0.5,256.74995
9.75,0.5,261.00739
9.75,0.5,260.95739
9.75,0.5,260.90739
9.75,0.5,260.85739
9.75,0.5,260.80739
9.75,0.5,260.75739
9.75,0.5,260.70739
9.75,0.5,260.65739
9.75,0.5,260.60739
9.75,0.5,260.55739
9.75,0.5,260.50739
9.75,0.5,260.45739
9.75,0.5,260.40739
9.75,0.5,260.35739
9.75,0.5,260.30739
9.75,0.5,260.25739
9.75,0.5,260.20739
9.75,0.5,260.15739
9.75,0.5,260.10739
9.75,0.5,260.05739
9.75,0.5,260.00739
9.75,0.5,259.95739
9.75,0.5,259.90739
9.75,0.5,259.85739
9.75,0.5,259.80739
9.75,0.5,259.75739
9.75,0.5,259.70739
9.75,0.5,259.65739
9.75,0.5,259.60739
9.75,0.5,259.55739
9.75,0.5,259.50739
9.75,0.5,259.45739
9.75,0.5,259.40739
9.75,0.5,259.35739
9.75,0.5,259.30739
9.75,0.5,259.25739
9.75,0.5,259.20739
9.75,0.5,259.15739
9.75,0.5,259.10739
9.75,0.5,259.05739
9.75,0.5,259.00739
9.75,0.5,258.95739
9.75,0.5,258.90739
9.75,0.5,258.85739
9.75,0.5,258.80739
9.75,0.5,258.75739
9.75,0.5,258.70739
9.75,0.5,258.65739
9.75,0.5,258.60739
9.75,0.5,258.55739
9.75,0.5,258.38239
9.75,0.5,257.83239
9.75,0.5,256.78239
10.25,0.5,261.04907
10.25,0.5,260.99907
10.25,0.5,260.94907
10.25,0.5,260.89907
10.25,0.5,260.84907
10.25,0.5,260.79907
10.25,0.5,260.74907
10.25,0.5,260.69907
10.25,0.5,260.64907
10.25,0.5,260.59907
10.25,0.5,260.54907
10.25,0.5,260.49907
10.25,0.5,260.44907
10.25,0.5,260.39907
10.25,0.5,260.34907
10.25,0.5,260.29907
10.25,0.5,260.24907
10.25,0.5,260.19907
10.25,0.5,260.14907
10.25,0.5,260.09907
10.25,0.5,260.04907
10.25,0.5,259.99907
10.25,0.5,259.94907
10.25,0.5,259.89907
10.25,0.5,259.84907
10.25,0.5,259.79907
10.25,0.5,259.74907
10.25,0.5,259.69907
10.25,0.5,259.64907
10.25,0.5,259.59907
10.25,0.5,259.54907
10.25,0.5,259.49907
10.25,0.5,259.44907
10.25,0.5,259.39907
10.25,0.5,259.34907
10.25,0.5,259.29907
10.25,0.5,259.24907
10.25,0.5,259.19907
10.25,0.5,259.14907
10.25,0.5,259.09907
10.25,0.5,259.04907
10.25,0.5,258.99907
10.25,0.5,258.94907
10.25,0.5,258.89907
10.25,0.5,258.84907
10.25,0.5,258.79907
10.25,0.5,258.74907
10.25,0.5,258.69907
10.25,0.5,258.64907
10.25,0.5,258.59907
10.25,0.5,258.42407
10.25,0.5,257.87407
10.25,0.5,256.82407
10.75,0.5,261.09969
10.75,0.5,261.04969
10.75,0.5,260.99969
10.75,0.5,260.94969
10.75,0.5,260.8997
10.75,0.5,260.84969
10.75,0.5,260.79969
10.75,0.5,260.74969
10.75,0.5,260.69969
10.75,0.5,260.6497
10.75,0.5,260.59969
10.75,0.5,260.54969
10.75,0.5,260.49969
10.75,0.5,260.44969
10.75,0.5,260.3997
10.75,0.5,260.34969
10.75,0.5,260.29969
10.75,0.5,260.24969
10.75,0.5,260.19969
10.75,0.5,260.1497
10.75,0.5,260.09969
10.75,0.5,260.04969
10.75,0.5,259.99969
10.75,0.5,259.94969
10.75,0.5,259.8997
10.75,0.5,259.84969
10.75,0.5,259.79969
10.75,0.5,259.74969
10.75,0.5,259.69969
10.75,0.5,259.6497
10.75,0.5,259.59969
10.75,0.5,259.54969
10.75,0.5,259.49969
10.75,0.5,259.44969
10.75,0.5,259.3997
10.75,0.5,259.34969
10.75,0.5,259.29969
10.75,0.5,259.24969
10.75,0.5,259.19969
10.75,0.5,259.1497
10.75,0.5,259.09969
10.75,0.5,259.04969
10.75,0.5,258.99969
10.75,0.5,258.94969
10.75,0.5,258.8997
10.75,0.5,258.84969
10.75,0.5,258.79969
10.75,0.5,258.74969
10.75,0.5,258.69969
10.75,0.5,258.6497
10.75,0.5,258.47469
10.75,0.5,257.92469
10.75,0.5,256.87469
9.25,0.5,255.19995
9.25,0.5,253.14995
9.25,0.5,250.59995
9.25,0.5,247.54995
9.25,0.5,243.99995
9.75,0.5,255.2324
9.75,0.5,253.1824
9.75,0.5,250.63239
9.75,0.5,247.58239
9.75,0.5,244.03239
10.25,0.5,255.27407
10.25,0.5,253.22407
10.25,0.5,250.67406
10.25,0.5,247.62407
10.25,0.5,244.07407
10.75,0.5,255.32469
10.75,0.5,253.27469
10.75,0.5,250.72469
10.75,0.5,247.67469
10.75,0.5,244.12469
11.25,0.5,261.13921
11.25,0.5,261.0892
11.25,0.5,261.0392
11.25,0.5,260.9892
11.25,0.5,260.93921
11.25,0.5,260.88921
11.25,0.5,260.8392
11.25,0.5,260.7892
11.25,0.5,260.7392
11.25,0.5,260.68921
11.25,0.5,260.63921
11.25,0.5,260.5892
11.25,0.5,260.5392
11.25,0.5,260.4892
11.25,0.5,260.43921
11.25,0.5,260.38921
11.25,0.5,260.3392
11.25,0.5,260.2892
11.25,0.5,260.2392
11.25,0.5,260.18921
11.25,0.5,260.13921
11.25,0.5,260.0892
11.25,0.5,260.0392
11.25,0.5,259.9892
11.25,0.5,259.93921
11.25,0.5,259.88921
11.25,0.5,259.8392
11.25,0.5,259.7892
11.25,0.5,259.7392
11.25,0.5,259.68921
11.25,0.5,259.63921
11.25,0.5,259.5892
11.25,0.5,259.5392
11.25,0.5,259.4892
11.25,0.5,259.43921
11.25,0.5,259.38921
11.25,0.5,259.3392
11.25,0.5,259.2892
11.25,0.5,259.2392
11.25,0.5,259.18921
11.25,0.5,259.13921
11.25,0.5,259.0892
11.25,0.5,259.0392
11.25,0.5,258.9892
11.25,0.5,258.93921
11.25,0.5,258.88921
11.25,0.5,258.8392
11.25,0.5,258.7892
11.25,0.5,258.7392
11.25,0.5,258.68921
11.25,0.5,258.51421
11.25,0.5,257.9642
11.25,0.5,256.9142
11.75,0.5,261.16742
11.75,0.5,261.11742
11.75,0.5,261.06742
11.75,0.5,261.01742
11.75,0.5,260.96742
11.75,0.5,260.91742
11.75,0.5,260.86742
11.75,0.5,260.81742
11.75,0.5,260.76742
11.75,0.5,260.71742
11.75,0.5,260.66742
11.75,0.5,260.61742
11.75,0.5,260.56742
11.75,0.5,260.51742
11.75,0.5,260.46742
11.75,0.5,260.41742
11.75,0.5,260.36742
11.75,0.5,260.31742
11.75,0.5,260.26742
11.75,0.5,260.21742
11.75,0.5,260.16742
11.75,0.5,260.11742
11.75,0.5,260.06742
11.75,0.5,260.01742
11.75,0.5,259.96742
11.75,0.5,259.91742
11.75,0.5,259.86742
11.75,0.5,259.81742
11.75,0.5,259.76742
11.75,0.5,259.71742
11.75,0.5,259.66742
11.75,0.5,259.61742
11.75,0.5,259.56742
11.75,0.5,259.51742
11.75,0.5,259.46742
11.75,0.5,259.41742
11.75,0.5,259.36742
11.75,0.5,259.31742
11.75,0.5,259.26742
11.75,0.5,259.21742
11.75,0.5,259.16742
11.75,0.5,259.11742
11.75,0.5,259.06742
11.75,0.5,259.01742
11.75,0.5,258.96742
11.75,0.5,258.91742
11.75,0.5,258.86742
11.75,0.5,258.81742
11.75,0.5,258.76742
11.75,0.5,258.71742
11.75,0.5,258.54242
11.75,0.5,257.99242
11.75,0.5,256.94242
12.25,0.5,261.17357
12.25,0.5,261.12357
12.25,0.5,261.07358
12.25,0.5,261.02357
12.25,0.5,260.97357
12.25,0.5,260.92357
12.25,0.5,260.87357
12.25,0.5,260.82358
12.25,0.5,260.77357
12.25,0.5,260.72357
12.25,0.5,260.67357
12.25,0.5,260.62357
12.25,0.5,260.57358
12.25,0.5,260.52357
12.25,0.5,260.47357
12.25,0.5,260.42357
12.25,0.5,260.37357
12.25,0.5,260.32358
12.25,0.5,260.27357
12.25,0.5,260.22357
12.25,0.5,260.17357
12.25,0.5,260.12357
12.25,0.5,260.07358
12.25,0.5,260.02357
12.25,0.5,259.97357
12.25,0.5,259.92357
12.25,0.5,259.87357
12.25,0.5,259.82358
12.25,0.5,259.77357
12.25,0.5,259.72357
12.25,0.5,259.67357
12.25,0.5,259.62357
12.25,0.5,259.57358
12.25,0.5,259.52357
12.25,0.5,259.47357
12.25,0.5,259.42357
12.25,0.5,259.37357
12.25,0.5,259.32358
12.25,0.5,259.27357
12.25,0.5,259.22357
12.25,0.5,259.17357
12.25,0.5,259.12357
12.25,0.5,259.07358
12.25,0.5,259.02357
12.25,0.5,258.97357
12.25,0.5,258.92357
12.25,0.5,258.87357
12.25,0.5,258.82358
12.25,0.5,258.77357
12.25,0.5,258.72357
12.25,0.5,258.54857
12.25,0.5,257.99857
12.25,0.5,256.94858
12.75,0.5,261.15803
12.75,0.5,261.10803
12.75,0.5,261.05804
12.75,0.5,261.00803
12.75,0.5,260.95803
12.75,0.5,260.90803
12.75,0.5,260.85803
12.75,0.5,260.80804
12.75,0.5,260.75803
12.75,0.5,260.70803
12.75,0.5,260.65803
12.75,0.5,260.60803
12.75,0.5,260.55804
12.75,0.5,260.50803
12.75,0.5,260.45803
12.75,0.5,260.40803
12.75,0.5,260.35803
12.75,0.5,260.30804
12.75,0.5,260.25803
12.75,0.5,260.20803
12.75,0.5,260.15803
12.75,0.5,260.10803
12.75,0.5,260.05804
12.75,0.5,260.00803
12.75,0.5,259.95803
12.75,0.5,259.90803
12.75,0.5,259.85803
12.75,0.5,259.80804
12.75,0.5,259.75803
12.75,0.5,259.70803
12.75,0.5,259.65803
12.75,0.5,259.60803
12.75,0.5,259.55804
12.75,0.5,259.50803
12.75,0.5,259.45803
12.75,0.5,259.40803
12.75,0.5,259.35803
12.75,0.5,259.30804
12.75,0.5,259.25803
12.75,0.5,259.20803
12.75,0.5,259.15803
12.75,0.5,259.10803
12.75,0.5,259.05804
12.75,0.5,259.00803
12.75,0.5,258.95803
12.75,0.5,258.90803
12.75,0.5,258.85803
12.75,0.5,258.80804
12.75,0.5,258.75803
12.75,0.5,258.70803
12.75,0.5,258.53303
12.75,0.5,257.98303
12.75,0.5,256.93304
13.25,0.5,261.14369
13.25,0.5,261.0937
13.25,0.5,261.04369
13.25,0.5,260.9937
13.25,0.5,260.9437
13.25,0.5,260.89369
13.25,0.5,260.8437
13.25,0.5,260.79369
13.25,0.5,260.7437
13.25,0.5,260.6937
13.25,0.5,260.64369
13.25,0.5,260.5937
13.25,0.5,260.54369
13.25,0.5,260.4937
13.25,0.5,260.4437
13.25,0.5,260.39369
13.25,0.5,260.3437
13.25,0.5,260.29369
13.25,0.5,260.2437
13.25,0.5,260.1937
13.25,0.5,260.14369
13.25,0.5,260.0937
13.25,0.5,260.04369
13.25,0.5,259.9937
13.25,0.5,259.9437
13.25,0.5,259.89369
13.25,0.5,259.8437
13.25,0.5,259.79369
13.25,0.5,259.7437
13.25,0.5,259.6937
13.25,0.5,259.64369
13.25,0.5,259.5937
13.25,0.5,259.54369
13.25,0.5,259.4937
13.25,0.5,259.4437
13.25,0.5,259.39369
13.25,0.5,259.3437
13.25,0.5,259.29369
13.25,0.5,259.2437
13.25,0.5,259.1937
13.25,0.5,259.14369
13.25,0.5,259.0937
13.25,0.5,259.04369
13.25,0.5,258.9937
13.25,0.5,258.9437
13.25,0.5,258.89369
13.25,0.5,258.8437
13.25,0.5,258.79369
13.25,0.5,258.7437
13.25,0.5,258.6937
13.25,0.5,258.51869
13.25,0.5,257.9687
13.25,0.5,256.91869
11.25,0.5,255.3642
11.25,0.5,253.3142
11.25,0.5,250.7642
11.25,0.5,247.7142
11.25,0.5,244.1642
11.75,0.5,255.39242
11.75,0.5,253.34241
11.75,0.5,250.79242
11.75,0.5,247.74242
11.75,0.5,244.19242
12.25,0.5,255.39857
12.25,0.5,253.34857
12.25,0.5,250.79857
12.25,0.5,247.74857
12.25,0.5,244.19857
12.75,0.5,255.38303
12.75,0.5,253.33303
12.75,0.5,250.78304
12.75,0.5,247.73303
12.75,0.5,244.18303
13.25,0.5,255.36869
13.25,0.5,253.31869
13.25,0.5,250.76869
13.25,0.5,247.71869
13.25,0.5,244.16869
13.75,0.5,261.13064
13.75,0.5,261.08064
13.75,0.5,261.03064
13.75,0.5,260.98064
13.75,0.5,260.93064
13.75,0.5,260.88064
13.75,0.5,260.83064
13.75,0.5,260.78064
13.75,0.5,260.73064
13.75,0.5,260.68064
13.75,0.5,260.63064
13.75,0.5,260.58064
13.75,0.5,260.53064
13.75,0.5,260.48064
13.75,0.5,260.43064
13.75,0.5,260.38064
13.75,0.5,260.33064
13.75,0.5,260.28064
13.75,0.5,260.23064
13.75,0.5,260.18064
13.75,0.5,260.13064
13.75,0.5,260.08064
13.75,0.5,260.03064
13.75,0.5,259.98064
13.75,0.5,259.93064
13.75,0.5,259.88064
13.75,0.5,259.83064
13.75,0.5,259.78064
13.75,0.5,259.73064
13.75,0.5,259.68064
13.75,0.5,259.63064
13.75,0.5,259.58064
13.75,0.5,259.53064
13.75,0.5,259.48064
13.75,0.5,259.43064
13.75,0.5,259.38064
13.75,0.5,259.33064
13.75,0.5,259.28064
13.75,0.5,259.23064
13.75,0.5,259.18064
13.75,0.5,259.13064
13.75,0.5,259.08064
13.75,0.5,259.03064
13.75,0.5,258.98064
13.75,0.5,258.93064
13.75,0.5,258.88064
13.75,0.5,258.83064
13.75,0.5,258.78064
13.75,0.5,258.73064
13.75,0.5,258.68064
13.75,0.5,258.50564
13.75,0.5,257.95564
13.75,0.5,256.90564
14.25,0.5,261.12321
14.25,0.5,261.07321
14.25,0.5,261.02322
14.25,0.5,260.97321
14.25,0.5,260.92322
14.25,0.5,260.87321
14.25,0.5,260.82321
14.25,0.5,260.77322
14.25,0.5,260.72321
14.25,0.5,260.67322
14.25,0.5,260.62321
14.25,0.5,260.57321
14.25,0.5,260.52322
14.25,0.5,260.47321
14.25,0.5,260.42322
14.25,0.5,260.37321
14.25,0.5,260.32321
14.25,0.5,260.27322
14.25,0.5,260.22321
14.25,0.5,260.17322
14.25,0.5,260.12321
14.25,0.5,260.07321
14.25,0.5,260.02322
14.25,0.5,259.97321
14.25,0.5,259.92322
14.25,0.5,259.87321
14.25,0.5,259.82321
14.25,0.5,259.77322
14.25,0.5,259.72321
14.25,0.5,259.67322
14.25,0.5,259.62321
14.25,0.5,259.57321
14.25,0.5,259.52322
14.25,0.5,259.47321
14.25,0.5,259.42322
14.25,0.5,259.37321
14.25,0.5,259.32321
14.25,0.5,259.27322
14.25,0.5,259.22321
14.25,0.5,259.17322
14.25,0.5,259.12321
14.25,0.5,259.07321
14.25,0.5,259.02322
14.25,0.5,258.97321
14.25,0.5,258.92322
14.25,0.5,258.87321
14.25,0.5,258.82321
14.25,0.5,258.77322
14.25,0.5,258.72321
14.25,0.5,258.67322
14.25,0.5,258.49821
14.25,0.5,257.94821
14.25,0.5,256.89822
14.75,0.5,261.12135
14.75,0.5,261.07135
14.75,0.5,261.02135
14.75,0.5,260.97134
14.75,0.5,260.92135
14.75,0.5,260.87135
14.75,0.5,260.82135
14.75,0.5,260.77135
14.75,0.5,260.72134
14.75,0.5,260.67135
14.75,0.5,260.62135
14.75,0.5,260.57135
14.75,0.5,260.52135
14.75,0.5,260.47134
14.75,0.5,260.42135
14.75,0.5,260.37135
14.75,0.5,260.32135
14.75,0.5,260.27135
14.75,0.5,260.22134
14.75,0.5,260.17135
14.75,0.5,260.12135
14.75,0.5,260.07135
14.75,0.5,260.02135
14.75,0.5,259.97134
14.75,0.5,259.92135
14.75,0.5,259.87135
14.75,0.5,259.82135
14.75,0.5,259.77135
14.75,0.5,259.72134
14.75,0.5,259.67135
14.75,0.5,259.62135
14.75,0.5,259.57135
14.75,0.5,259.52135
14.75,0.5,259.47134
14.75,0.5,259.42135
14.75,0.5,259.37135
14.75,0.5,259.32135
14.75,0.5,259.27135
14.75,0.5,259.22134
14.75,0.5,259.17135
14.75,0.5,259.12135
14.75,0.5,259.07135
14.75,0.5,259.02135
14.75,0.5,258.97134
14.75,0.5,258.92135
14.75,0.5,258.87135
14.75,0.5,258.82135
14.75,0.5,258.77135
14.75,0.5,258.72134
14.75,0.5,258.67135
14.75,0.5,258.49635
14.75,0.5,257.94635
14.75,0.5,256.89635
15.25,0.5,261.12115
15.25,0.5,261.07116
15.25,0.5,261.02116
15.25,0.5,260.97115
15.25,0.5,260.92115
15.25,0.5,260.87115
15.25,0.5,260.82116
15.25,0.5,260.77116
15.25,0.5,260.72115
15.25,0.5,260.67115
15.25,0.5,260.62115
15.25,0.5,260.57116
15.25,0.5,260.52116
15.25,0.5,260.47115
15.25,0.5,260.42115
15.25,0.5,260.37115
15.25,0.5,260.32116
15.25,0.5,260.27116
15.25,0.5,260.22115
15.25,0.5,260.17115
15.25,0.5,260.12115
15.25,0.5,260.07116
15.25,0.5,260.02116
15.25,0.5,259.97115
15.25,0.5,259.92115
15.25,0.5,259.87115
15.25,0.5,259.82116
15.25,0.5,259.77116
15.25,0.5,259.72115
15.25,0.5,259.67115
15.25,0.5,259.62115
15.25,0.5,259.57116
15.25,0.5,259.52116
15.25,0.5,259.47115
15.25,0.5,259.42115
15.25,0.5,259.37115
15.25,0.5,259.32116
15.25,0.5,259.27116
15.25,0.5,259.22115
15.25,0.5,259.17115
15.25,0.5,259.12115
15.25,0.5,259.07116
15.25,0.5,259.02116
15.25,0.5,258.97115
15.25,0.5,258.92115
15.25,0.5,258.87115
15.25,0.5,258.82116
15.25,0.5,258.77116
15.25,0.5,258.72115
15.25,0.5,258.67115
15.25,0.5,258.49615
15.25,0.5,257.94616
15.25,0.5,256.89616
13.75,0.5,255.35564
13.75,0.5,253.30564
13.75,0.5,250.75564
13.75,0.5,247.70564
13.75,0.5,244.15564
14.25,0.5,255.34821
14.25,0.5,253.29821
14.25,0.5,250.74821
14.25,0.5,247.69821
14.25,0.5,244.14821
14.75,0.5,255.34634
14.75,0.5,253.29635
14.75,0.5,250.74635
14.75,0.5,247.69634
14.75,0.5,244.14634
15.25,0.5,255.34616
15.25,0.5,253.29616
15.25,0.5,250.74615
15.25,0.5,247.69615
15.25,0.5,244.14615
15.75,0.5,255.34759
15.75,0.5,253.29758
15.75,0.5,250.74758
15.75,0.5,247.69758
15.75,0.5,244.14758
15.75,0.5,261.12259
15.75,0.5,261.07259
15.75,0.5,261.02258
15.75,0.5,260.97258
15.75,0.5,260.92258
15.75,0.5,260.87259
15.75,0.5,260.82259
15.75,0.5,260.77258
15.75,0.5,260.72258
15.75,0.5,260.67258
15.75,0.5,260.62259
15.75,0.5,260.57259
15.75,0.5,260.52258
15.75,0.5,260.47258
15.75,0.5,260.42258
15.75,0.5,260.37259
15.75,0.5,260.32259
15.75,0.5,260.27258
15.75,0.5,260.22258
15.75,0.5,260.17258
15.75,0.5,260.12259
15.75,0.5,260.07259
15.75,0.5,260.02258
15.75,0.5,259.97258
15.75,0.5,259.92258
15.75,0.5,259.87259
15.75,0.5,259.82259
15.75,0.5,259.77258
15.75,0.5,259.72258
15.75,0.5,259.67258
15.75,0.5,259.62259
15.75,0.5,259.57259
15.75,0.5,259.52258
15.75,0.5,259.47258
15.75,0.5,259.42258
15.75,0.5,259.37259
15.75,0.5,259.32259
15.75,0.5,259.27258
15.75,0.5,259.22258
15.75,0.5,259.17258
15.75,0.5,259.12259
15.75,0.5,259.07259
15.75,0.5,259.02258
15.75,0.5,258.97258
15.75,0.5,258.92258
15.75,0.5,258.87259
15.75,0.5,258.82259
15.75,0.5,258.77258
15.75,0.5,258.72258
15.75,0.5,258.67258
15.75,0.5,258.49759
15.75,0.5,257.94759
15.75,0.5,256.89758
16.25,0.5,255.34794
16.25,0.5,253.29794
16.25,0.5,250.74793
16.25,0.5,247.69793
16.25,0.5,244.14794
16.75,0.5,255.34729
16.75,0.5,253.29729
16.75,0.5,250.74729
16.75,0.5,247.69729
16.75,0.5,244.14729
17.25,0.5,255.34904
17.25,0.5,253.29904
17.25,0.5,250.74904
17.25,0.5,247.69905
17.25,0.5,244.14905
17.75,0.5,255.35319
17.75,0.5,253.30318
17.75,0.5,250.75318
17.75,0.5,247.70318
17.75,0.5,244.15318
16.25,0.5,261.12294
16.25,0.5,261.07294
16.25,0.5,261.02293
16.25,0.5,260.97293
16.25,0.5,260.92293
16.25,0.5,260.87294
16.25,0.5,260.82294
16.25,0.5,260.77293
16.25,0.5,260.72293
16.25,0.5,260.67293
16.25,0.5,260.62294
16.25,0.5,260.57294
16.25,0.5,260.52293
16.25,0.5,260.47293
16.25,0.5,260.42293
16.25,0.5,260.37294
16.25,0.5,260.32294
16.25,0.5,260.27293
16.25,0.5,260.22293
16.25,0.5,260.17293
16.25,0.5,260.12294
16.25,0.5,260.07294
16.25,0.5,260.02293
16.25,0.5,259.97293
16.25,0.5,259.92293
16.25,0.5,259.87294
16.25,0.5,259.82294
16.25,0.5,259.77293
16.25,0.5,259.72293
16.25,0.5,259.67293
16.25,0.5,259.62294
16.25,0.5,259.57294
16.25,0.5,259.52293
16.25,0.5,259.47293
16.25,0.5,259.42293
16.25,0.5,259.37294
16.25,0.5,259.32294
16.25,0.5,259.27293
16.25,0.5,259.22293
16.25,0.5,259.17293
16.25,0.5,259.12294
16.25,0.5,259.07294
16.25,0.5,259.02293
16.25,0.5,258.97293
16.25,0.5,258.92293
16.25,0.5,258.87294
16.25,0.5,258.82294
16.25,0.5,258.77293
16.25,0.5,258.72293
16.25,0.5,258.67293
16.25,0.5,258.49794
16.25,0.5,257.94794
16.25,0.5,256.89793
16.75,0.5,261.12229
16.75,0.5,261.07229
16.75,0.5,261.02229
16.75,0.5,260.97228
16.75,0.5,260.92229
16.75,0.5,260.87229
16.75,0.5,260.82229
16.75,0.5,260.77229
16.75,0.5,260.72228
16.75,0.5,260.67229
16.75,0.5,260.62229
16.75,0.5,260.57229
16.75,0.5,260.52229
16.75,0.5,260.47228
16.75,0.5,260.42229
16.75,0.5,260.37229
16.75,0.5,260.32229
16.75,0.5,260.27229
16.75,0.5,260.22228
16.75,0.5,260.17229
16.75,0.5,260.12229
16.75,0.5,260.07229
16.75,0.5,260.02229
16.75,0.5,259.97228
16.75,0.5,259.92229
16.75,0.5,259.87229
16.75,0.5,259.82229
16.75,0.5,259.77229
16.75,0.5,259.72228
16.75,0.5,259.67229
16.75,0.5,259.62229
16.75,0.5,259.57229
16.75,0.5,259.52229
16.75,0.5,259.47228
16.75,0.5,259.42229
16.75,0.5,259.37229
16.75,0.5,259.32229
16.75,0.5,259.27229
16.75,0.5,259.22228
16.75,0.5,259.17229
16.75,0.5,259.12229
16.75,0.5,259.07229
16.75,0.5,259.02229
16.75,0.5,258.97228
16.75,0.5,258.92229
16.75,0.5,258.87229
16.75,0.5,258.82229
16.75,0.5,258.77229
16.75,0.5,258.72228
16.75,0.5,258.67229
16.75,0.5,258.49729
16.75,0.5,257.94729
16.75,0.5,256.89729
17.25,0.5,261.12405
17.25,0.5,261.07404
17.25,0.5,261.02404
17.25,0.5,260.97404
17.25,0.5,260.92405
17.25,0.5,260.87405
17.25,0.5,260.82404
17.25,0.5,260.77404
17.25,0.5,260.72404
17.25,0.5,260.67405
17.25,0.5,260.62405
17.25,0.5,260.57404
17.25,0.5,260.52404
17.25,0.5,260.47404
17.25,0.5,260.42405
17.25,0.5,260.37405
17.25,0.5,260.32404
17.25,0.5,260.27404
17.25,0.5,260.22404
17.25,0.5,260.17405
17.25,0.5,260.12405
17.25,0.5,260.07404
17.25,0.5,260.02404
17.25,0.5,259.97404
17.25,0.5,259.92405
17.25,0.5,259.87405
17.25,0.5,259.82404
17.25,0.5,259.77404
17.25,0.5,259.72404
17.25,0.5,259.67405
17.25,0.5,259.62405
17.25,0.5,259.57404
17.25,0.5,259.52404
17.25,0.5,259.47404
17.25,0.5,259.42405
17.25,0.5,259.37405
17.25,0.5,259.32404
17.25,0.5,259.27404
17.25,0.5,259.22404
17.25,0.5,259.17405
17.25,0.5,259.12405
17.25,0.5,259.07404
17.25,0.5,259.02404
17.25,0.5,258.97404
17.25,0.5,258.92405
17.25,0.5,258.87405
17.25,0.5,258.82404
17.25,0.5,258.77404
17.25,0.5,258.72404
17.25,0.5,258.67405
17.25,0.5,258.49905
17.25,0.5,257.94904
17.25,0.5,256.89904
17.75,0.5,261.12819
17.75,0.5,261.07819
17.75,0.5,261.02818
17.75,0.5,260.97819
17.75,0.5,260.92818
17.75,0.5,260.87819
17.75,0.5,260.82819
17.75,0.5,260.77818
17.75,0.5,260.72819
17.75,0.5,260.67818
17.75,0.5,260.62819
17.75,0.5,260.57819
17.75,0.5,260.52818
17.75,0.5,260.47819
17.75,0.5,260.42818
17.75,0.5,260.37819
17.75,0.5,260.32819
17.75,0.5,260.27818
17.75,0.5,260.22819
17.75,0.5,260.17818
17.75,0.5,260.12819
17.75,0.5,260.07819
17.75,0.5,260.02818
17.75,0.5,259.97819
17.75,0.5,259.92818
17.75,0.5,259.87819
17.75,0.5,259.82819
17.75,0.5,259.77818
17.75,0.5,259.72819
17.75,0.5,259.67818
17.75,0.5,259.62819
17.75,0.5,259.57819
17.75,0.5,259.52818
17.75,0.5,259.47819
17.75,0.5,259.42818
17.75,0.5,259.37819
17.75,0.5,259.32819
17.75,0.5,259.27818
17.75,0.5,259.22819
17.75,0.5,259.17818
17.75,0.5,259.12819
17.75,0.5,259.07819
17.75,0.5,259.02818
17.75,0.5,258.97819
17.75,0.5,258.92818
17.75,0.5,258.87819
17.75,0.5,258.82819
17.75,0.5,258.77818
17.75,0.5,258.72819
17.75,0.5,258.67818
17.75,0.5,258.50319
17.75,0.5,257.95319
17.75,0.5,256.90318
18.25,0.5,255.35883
18.25,0.5,253.30882
18.25,0.5,250.75882
18.25,0.5,247.70882
18.25,0.5,244.15882
18.75,0.5,255.3659
18.75,0.5,253.3159
18.75,0.5,250.7659
18.75,0.5,247.7159
18.75,0.5,244.16589
19.25,0.5,255.37172
19.25,0.5,253.32172
19.25,0.5,250.77172
19.25,0.5,247.72172
19.25,0.5,244.17171
19.75,0.5,255.37666
19.75,0.5,253.32666
19.75,0.5,250.77666
19.75,0.5,247.72665
19.75,0.5,244.17665
20.25,0.5,255.39413
20.25,0.5,253.34412
20.25,0.5,250.79412
20.25,0.5,247.74413
20.25,0.5,244.19413
18.25,0.5,261.13383
18.25,0.5,261.08382
18.25,0.5,261.03383
18.25,0.5,260.98383
18.25,0.5,260.93382
18.25,0.5,260.88383
18.25,0.5,260.83382
18.25,0.5,260.78383
18.25,0.5,260.73383
18.25,0.5,260.68382
18.25,0.5,260.63383
18.25,0.5,260.58382
18.25,0.5,260.53383
18.25,0.5,260.48383
18.25,0.5,260.43382
18.25,0.5,260.38383
18.25,0.5,260.33382
18.25,0.5,260.28383
18.25,0.5,260.23383
18.25,0.5,260.18382
18.25,0.5,260.13383
18.25,0.5,260.08382
18.25,0.5,260.03383
18.25,0.5,259.98383
18.25,0.5,259.93382
18.25,0.5,259.88383
18.25,0.5,259.83382
18.25,0.5,259.78383
18.25,0.5,259.73383
18.25,0.5,259.68382
18.25,0.5,259.63383
18.25,0.5,259.58382
18.25,0.5,259.53383
18.25,0.5,259.48383
18.25,0.5,259.43382
18.25,0.5,259.38383
18.25,0.5,259.33382
18.25,0.5,259.28383
18.25,0.5,259.23383
18.25,0.5,259.18382
18.25,0.5,259.13383
18.25,0.5,259.08382
18.25,0.5,259.03383
18.25,0.5,258.98383
18.25,0.5,258.93382
18.25,0.5,258.88383
18.25,0.5,258.83382
18.25,0.5,258.78383
18.25,0.5,258.73383
18.25,0.5,258.68382
18.25,0.5,258.50883
18.25,0.5,257.95882
18.25,0.5,256.90883
18.75,0.5,261.14089
18.75,0.5,261.0909
18.75,0.5,261.0409
18.75,0.5,260.9909
18.75,0.5,260.9409
18.75,0.5,260.89089
18.75,0.5,260.8409
18.75,0.5,260.7909
18.75,0.5,260.7409
18.75,0.5,260.6909
18.75,0.5,260.64089
18.75,0.5,260.5909
18.75,0.5,260.5409
18.75,0.5,260.4909
18.75,0.5,260.4409
18.75,0.5,260.39089
18.75,0.5,260.3409
18.75,0.5,260.2909
18.75,0.5,260.2409
18.75,0.5,260.1909
18.75,0.5,260.14089
18.75,0.5,260.0909
18.75,0.5,260.0409
18.75,0.5,259.9909
18.75,0.5,259.9409
18.75,0.5,259.89089
18.75,0.5,259.8409
18.75,0.5,259.7909
18.75,0.5,259.7409
18.75,0.5,259.6909
18.75,0.5,259.64089
18.75,0.5,259.5909
18.75,0.5,259.5409
18.75,0.5,259.4909
18.75,0.5,259.4409
18.75,0.5,259.39089
18.75,0.5,259.3409
18.75,0.5,259.2909
18.75,0.5,259.2409
18.75,0.5,259.1909
18.75,0.5,259.14089
18.75,0.5,259.0909
18.75,0.5,259.0409
18.75,0.5,258.9909
18.75,0.5,258.9409
18.75,0.5,258.89089
18.75,0.5,258.8409
18.75,0.5,258.7909
18.75,0.5,258.7409
18.75,0.5,258.6909
18.75,0.5,258.51589
18.75,0.5,257.9659
18.75,0.5,256.9159
19.25,0.5,261.14671
19.25,0.5,261.09672
19.25,0.5,261.04671
19.25,0.5,260.99672
19.25,0.5,260.94672
19.25,0.5,260.89671
19.25,0.5,260.84672
19.25,0.5,260.79671
19.25,0.5,260.74672
19.25,0.5,260.69672
19.25,0.5,260.64671
19.25,0.5,260.59672
19.25,0.5,260.54671
19.25,0.5,260.49672
19.25,0.5,260.44672
19.25,0.5,260.39671
19.25,0.5,260.34672
19.25,0.5,260.29671
19.25,0.5,260.24672
19.25,0.5,260.19672
19.25,0.5,260.14671
19.25,0.5,260.09672
19.25,0.5,260.04671
19.25,0.5,259.99672
19.25,0.5,259.94672
19.25,0.5,259.89671
19.25,0.5,259.84672
19.25,0.5,259.79671
19.25,0.5,259.74672
19.25,0.5,259.69672
19.25,0.5,259.64671
19.25,0.5,259.59672
19.25,0.5,259.54671
19.25,0.5,259.49672
19.25,0.5,259.44672
19.25,0.5,259.39671
19.25,0.5,259.34672
19.25,0.5,259.29671
19.25,0.5,259.24672
19.25,0.5,259.19672
19.25,0.5,259.14671
19.25,0.5,259.09672
19.25,0.5,259.04671
19.25,0.5,258.99672
19.25,0.5,258.94672
19.25,0.5,258.89671
19.25,0.5,258.84672
19.25,0.5,258.79671
19.25,0.5,258.74672
19.25,0.5,258.69672
19.25,0.5,258.52171
19.25,0.5,257.97172
19.25,0.5,256.92171
19.75,0.5,261.15166
19.75,0.5,261.10165
19.75,0.5,261.05165
19.75,0.5,261.00166
19.75,0.5,260.95165
19.75,0.5,260.90166
19.75,0.5,260.85165
19.75,0.5,260.80165
19.75,0.5,260.75166
19.75,0.5,260.70165
19.75,0.5,260.65166
19.75,0.5,260.60165
19.75,0.5,260.55165
19.75,0.5,260.50166
19.75,0.5,260.45165
19.75,0.5,260.40166
19.75,0.5,260.35165
19.75,0.5,260.30165
19.75,0.5,260.25166
19.75,0.5,260.20165
19.75,0.5,260.15166
19.75,0.5,260.10165
19.75,0.5,260.05165
19.75,0.5,260.00166
19.75,0.5,259.95165
19.75,0.5,259.90166
19.75,0.5,259.85165
19.75,0.5,259.80165
19.75,0.5,259.75166
19.75,0.5,259.70165
19.75,0.5,259.65166
19.75,0.5,259.60165
19.75,0.5,259.55165
19.75,0.5,259.50166
19.75,0.5,259.45165
19.75,0.5,259.40166
19.75,0.5,259.35165
19.75,0.5,259.30165
19.75,0.5,259.25166
19.75,0.5,259.20165
19.75,0.5,259.15166
19.75,0.5,259.10165
19.75,0.5,259.05165
19.75,0.5,259.00166
19.75,0.5,258.95165
19.75,0.5,258.90166
19.75,0.5,258.85165
19.75,0.5,258.80165
19.75,0.5,258.75166
19.75,0.5,258.70165
19.75,0.5,258.52666
19.75,0.5,257.97665
19.75,0.5,256.92665
20.25,0.5,261.16913
20.25,0.5,261.11913
20.25,0.5,261.06912
20.25,0.5,261.01913
20.25,0.5,260.96912
20.25,0.5,260.91913
20.25,0.5,260.86913
20.25,0.5,260.81912
20.25,0.5,260.76913
20.25,0.5,260.71912
20.25,0.5,260.66913
20.25,0.5,260.61913
20.25,0.5,260.56912
20.25,0.5,260.51913
20.25,0.5,260.46912
20.25,0.5,260.41913
20.25,0.5,260.36913
20.25,0.5,260.31912
20.25,0.5,260.26913
20.25,0.5,260.21912
20.25,0.5,260.16913
20.25,0.5,260.11913
20.25,0.5,260.06912
20.25,0.5,260.01913
20.25,0.5,259.96912
20.25,0.5,259.91913
20.25,0.5,259.86913
20.25,0.5,259.81912
20.25,0.5,259.76913
20.25,0.5,259.71912
20.25,0.5,259.66913
20.25,0.5,259.61913
20.25,0.5,259.56912
20.25,0.5,259.51913
20.25,0.5,259.46912
20.25,0.5,259.41913
20.25,0.5,259.36913
20.25,0.5,259.31912
20.25,0.5,259.26913
20.25,0.5,259.21912
20.25,0.5,259.16913
20.25,0.5,259.11913
20.25,0.5,259.06912
20.25,0.5,259.01913
20.25,0.5,258.96912
20.25,0.5,258.91913
20.25,0.5,258.86913
20.25,0.5,258.81912
20.25,0.5,258.76913
20.25,0.5,258.71912
20.25,0.5,258.54413
20.25,0.5,257.99413
20.25,0.5,256.94412
20.75,0.5,255.42382
20.75,0.5,253.37381
20.75,0.5,250.82381
20.75,0.5,247.77382
20.75,0.5,244.22382
21.25,0.5,255.45421
21.25,0.5,253.40421
21.25,0.5,250.85421
21.25,0.5,247.80421
21.25,0.5,244.2542
21.75,0.5,255.48503
21.75,0.5,253.43503
21.75,0.5,250.88503
21.75,0.5,247.83503
21.75,0.5,244.28503
22.25,0.5,255.50745
22.25,0.5,253.45745
22.25,0.5,250.90745
22.25,0.5,247.85745
22.25,0.5,244.30745
22.75,0.5,255.52143
22.75,0.5,253.47143
22.75,0.5,250.92142
22.75,0.5,247.87143
22.75,0.5,244.32143
20.75,0.5,261.19881
20.75,0.5,261.14881
20.75,0.5,261.09882
20.75,0.5,261.04882
20.75,0.5,260.99882
20.75,0.5,260.94881
20.75,0.5,260.89881
20.75,0.5,260.84882
20.75,0.5,260.79882
20.75,0.5,260.74882
20.75,0.5,260.69881
20.75,0.5,260.64881
20.75,0.5,260.59882
20.75,0.5,260.54882
20.75,0.5,260.49882
20.75,0.5,260.44881
20.75,0.5,260.39881
20.75,0.5,260.34882
20.75,0.5,260.29882
20.75,0.5,260.24882
20.75,0.5,260.19881
20.75,0.5,260.14881
20.75,0.5,260.09882
20.75,0.5,260.04882
20.75,0.5,259.99882
20.75,0.5,259.94881
20.75,0.5,259.89881
20.75,0.5,259.84882
20.75,0.5,259.79882
20.75,0.5,259.74882
20.75,0.5,259.69881
20.75,0.5,259.64881
20.75,0.5,259.59882
20.75,0.5,259.54882
20.75,0.5,259.49882
20.75,0.5,259.44881
20.75,0.5,259.39881
20.75,0.5,259.34882
20.75,0.5,259.29882
20.75,0.5,259.24882
20.75,0.5,259.19881
20.75,0.5,259.14881
20.75,0.5,259.09882
20.75,0.5,259.04882
20.75,0.5,258.99882
20.75,0.5,258.94881
20.75,0.5,258.89881
20.75,0.5,258.84882
20.75,0.5,258.79882
20.75,0.5,258.74882
20.75,0.5,258.57381
20.75,0.5,258.02381
20.75,0.5,256.97382
21.25,0.5,261.2292
21.25,0.5,261.1792
21.25,0.5,261.12921
21.25,0.5,261.07921
21.25,0.5,261.02921
21.25,0.5,260.9792
21.25,0.5,260.9292
21.25,0.5,260.87921
21.25,0.5,260.82921
21.25,0.5,260.77921
21.25,0.5,260.7292
21.25,0.5,260.6792
21.25,0.5,260.62921
21.25,0.5,260.57921
21.25,0.5,260.52921
21.25,0.5,260.4792
21.25,0.5,260.4292
21.25,0.5,260.37921
21.25,0.5,260.32921
21.25,0.5,260.27921
21.25,0.5,260.2292
21.25,0.5,260.1792
21.25,0.5,260.12921
21.25,0.5,260.07921
21.25,0.5,260.02921
21.25,0.5,259.9792
21.25,0.5,259.9292
21.25,0.5,259.87921
21.25,0.5,259.82921
21.25,0.5,259.77921
21.25,0.5,259.7292
21.25,0.5,259.6792
21.25,0.5,259.62921
21.25,0.5,259.57921
21.25,0.5,259.52921
21.25,0.5,259.4792
21.25,0.5,259.4292
21.25,0.5,259.37921
21.25,0.5,259.32921
21.25,0.5,259.27921
21.25,0.5,259.2292
21.25,0.5,259.1792
21.25,0.5,259.12921
21.25,0.5,259.07921
21.25,0.5,259.02921
21.25,0.5,258.9792
21.25,0.5,258.9292
21.25,0.5,258.87921
21.25,0.5,258.82921
21.25,0.5,258.77921
21.25,0.5,258.6042
21.25,0.5,258.0542
21.25,0.5,257.00421
21.75,0.5,261.26003
21.75,0.5,261.21002
21.75,0.5,261.16003
21.75,0.5,261.11003
21.75,0.5,261.06003
21.75,0.5,261.01003
21.75,0.5,260.96002
21.75,0.5,260.91003
21.75,0.5,260.86003
21.75,0.5,260.81003
21.75,0.5,260.76003
21.75,0.5,260.71002
21.75,0.5,260.66003
21.75,0.5,260.61003
21.75,0.5,260.56003
21.75,0.5,260.51003
21.75,0.5,260.46002
21.75,0.5,260.41003
21.75,0.5,260.36003
21.75,0.5,260.31003
21.75,0.5,260.26003
21.75,0.5,260.21002
21.75,0.5,260.16003
21.75,0.5,260.11003
21.75,0.5,260.06003
21.75,0.5,260.01003
21.75,0.5,259.96002
21.75,0.5,259.91003
21.75,0.5,259.86003
21.75,0.5,259.81003
21.75,0.5,259.76003
21.75,0.5,259.71002
21.75,0.5,259.66003
21.75,0.5,259.61003
21.75,0.5,259.56003
21.75,0.5,259.51003
21.75,0.5,259.46002
21.75,0.5,259.41003
21.75,0.5,259.36003
21.75,0.5,259.31003
21.75,0.5,259.26003
21.75,0.5,259.21002
21.75,0.5,259.16003
21.75,0.5,259.11003
21.75,0.5,259.06003
21.75,0.5,259.01003
21.75,0.5,258.96002
21.75,0.5,258.91003
21.75,0.5,258.86003
21.75,0.5,258.81003
21.75,0.5,258.63503
21.75,0.5,258.08502
21.75,0.5,257.03503
22.25,0.5,261.28245
22.25,0.5,261.23244
22.25,0.5,261.18245
22.25,0.5,261.13245
22.25,0.5,261.08244
22.25,0.5,261.03245
22.25,0.5,260.98244
22.25,0.5,260.93245
22.25,0.5,260.88245
22.25,0.5,260.83244
22.25,0.5,260.78245
22.25,0.5,260.73244
22.25,0.5,260.68245
22.25,0.5,260.63245
22.25,0.5,260.58244
22.25,0.5,260.53245
22.25,0.5,260.48244
22.25,0.5,260.43245
22.25,0.5,260.38245
22.25,0.5,260.33244
22.25,0.5,260.28245
22.25,0.5,260.23244
22.25,0.5,260.18245
22.25,0.5,260.13245
22.25,0.5,260.08244
22.25,0.5,260.03245
22.25,0.5,259.98244
22.25,0.5,259.93245
22.25,0.5,259.88245
22.25,0.5,259.83244
22.25,0.5,259.78245
22.25,0.5,259.73244
22.25,0.5,259.68245
22.25,0.5,259.63245
22.25,0.5,259.58244
22.25,0.5,259.53245
22.25,0.5,259.48244
22.25,0.5,259.43245
22.25,0.5,259.38245
22.25,0.5,259.33244
22.25,0.5,259.28245
22.25,0.5,259.23244
22.25,0.5,259.18245
22.25,0.5,259.13245
22.25,0.5,259.08244
22.25,0.5,259.03245
22.25,0.5,258.98244
22.25,0.5,258.93245
22.25,0.5,258.88245
22.25,0.5,258.83244
22.25,0.5,258.65745
22.25,0.5,258.10744
22.25,0.5,257.05745
22.75,0.5,261.29643
22.75,0.5,261.24643
22.75,0.5,261.19643
22.75,0.5,261.14642
22.75,0.5,261.09642
22.75,0.5,261.04643
22.75,0.5,260.99643
22.75,0.5,260.94643
22.75,0.5,260.89642
22.75,0.5,260.84642
22.75,0.5,260.79643
22.75,0.5,260.74643
22.75,0.5,260.69643
22.75,0.5,260.64642
22.75,0.5,260.59642
22.75,0.5,260.54643
22.75,0.5,260.49643
22.75,0.5,260.44643
22.75,0.5,260.39642
22.75,0.5,260.34642
22.75,0.5,260.29643
22.75,0.5,260.24643
22.75,0.5,260.19643
22.75,0.5,260.14642
22.75,0.5,260.09642
22.75,0.5,260.04643
22.75,0.5,259.99643
22.75,0.5,259.94643
22.75,0.5,259.89642
22.75,0.5,259.84642
22.75,0.5,259.79643
22.75,0.5,259.74643
22.75,0.5,259.69643
22.75,0.5,259.64642
22.75,0.5,259.59642
22.75,0.5,259.54643
22.75,0.5,259.49643
22.75,0.5,259.44643
22.75,0.5,259.39642
22.75,0.5,259.34642
22.75,0.5,259.29643
22.75,0.5,259.24643
22.75,0.5,259.19643
22.75,0.5,259.14642
22.75,0.5,259.09642
22.75,0.5,259.04643
22.75,0.5,258.99643
22.75,0.5,258.94643
22.75,0.5,258.89642
22.75,0.5,258.84642
22.75,0.5,258.67143
22.75,0.5,258.12143
22.75,0.5,257.07143
23.25,0.5,255.52625
23.25,0.5,253.47625
23.25,0.5,250.92625
23.25,0.5,247.87625
23.25,0.5,244.32625
23.75,0.5,255.52222
23.75,0.5,253.47222
23.75,0.5,250.92222
23.75,0.5,247.87222
23.75,0.5,244.32223
24.25,0.5,255.51902
24.25,0.5,253.46902
24.25,0.5,250.91902
24.25,0.5,247.86902
24.25,0.5,244.31902
24.75,0.5,255.51673
24.75,0.5,253.46673
24.75,0.5,250.91673
24.75,0.5,247.86673
24.75,0.5,244.31673
25.25,0.5,255.51769
25.25,0.5,253.46769
25.25,0.5,250.91769
25.25,0.5,247.86769
25.25,0.5,244.31769
23.25,0.5,261.30125
23.25,0.5,261.25125
23.25,0.5,261.20125
23.25,0.5,261.15125
23.25,0.5,261.10125
23.25,0.5,261.05125
23.25,0.5,261.00125
23.25,0.5,260.95125
23.25,0.5,260.90125
23.25,0.5,260.85125
23.25,0.5,260.80125
23.25,0.5,260.75125
23.25,0.5,260.70125
23.25,0.5,260.65125
23.25,0.5,260.60125
23.25,0.5,260.55125
23.25,0.5,260.50125
23.25,0.5,260.45125
23.25,0.5,260.40125
23.25,0.5,260.35125
23.25,0.5,260.30125
23.25,0.5,260.25125
23.25,0.5,260.20125
23.25,0.5,260.15125
23.25,0.5,260.10125
23.25,0.5,260.05125
23.25,0.5,260.00125
23.25,0.5,259.95125
23.25,0.5,259.90125
23.25,0.5,259.85125
23.25,0.5,259.80125
23.25,0.5,259.75125
23.25,0.5,259.70125
23.25,0.5,259.65125
23.25,0.5,259.60125
23.25,0.5,259.55125
23.25,0.5,259.50125
23.25,0.5,259.45125
23.25,0.5,259.40125
23.25,0.5,259.35125
23.25,0.5,259.30125
23.25,0.5,259.25125
23.25,0.5,259.20125
23.25,0.5,259.15125
23.25,0.5,259.10125
23.25,0.5,259.05125
23.25,0.5,259.00125
23.25,0.5,258.95125
23.25,0.5,258.90125
23.25,0.5,258.85125
23.25,0.5,258.67625
23.25,0.5,258.12625
23.25,0.5,257.07625
23.75,0.5,261.29723
23.75,0.5,261.24722
23.75,0.5,261.19722
23.75,0.5,261.14722
23.75,0.5,261.09722
23.75,0.5,261.04723
23.75,0.5,260.99722
23.75,0.5,260.94722
23.75,0.5,260.89722
23.75,0.5,260.84722
23.75,0.5,260.79723
23.75,0.5,260.74722
23.75,0.5,260.69722
23.75,0.5,260.64722
23.75,0.5,260.59722
23.75,0.5,260.54723
23.75,0.5,260.49722
23.75,0.5,260.44722
23.75,0.5,260.39722
23.75,0.5,260.34722
23.75,0.5,260.29723
23.75,0.5,260.24722
23.75,0.5,260.19722
23.75,0.5,260.14722
23.75,0.5,260.09722
23.75,0.5,260.04723
23.75,0.5,259.99722
23.75,0.5,259.94722
23.75,0.5,259.89722
23.75,0.5,259.84722
23.75,0.5,259.79723
23.75,0.5,259.74722
23.75,0.5,259.69722
23.75,0.5,259.64722
23.75,0.5,259.59722
23.75,0.5,259.54723
23.75,0.5,259.49722
23.75,0.5,259.44722
23.75,0.5,259.39722
23.75,0.5,259.34722
23.75,0.5,259.29723
23.75,0.5,259.24722
23.75,0.5,259.19722
23.75,0.5,259.14722
23.75,0.5,259.09722
23.75,0.5,259.04723
23.75,0.5,258.99722
23.75,0.5,258.94722
23.75,0.5,258.89722
23.75,0.5,258.84722
23.75,0.5,258.67223
23.75,0.5,258.12222
23.75,0.5,257.07222
24.25,0.5,261.29402
24.25,0.5,261.24403
24.25,0.5,261.19402
24.25,0.5,261.14402
24.25,0.5,261.09402
24.25,0.5,261.04402
24.25,0.5,260.99403
24.25,0.5,260.94402
24.25,0.5,260.89402
24.25,0.5,260.84402
24.25,0.5,260.79402
24.25,0.5,260.74403
24.25,0.5,260.69402
24.25,0.5,260.64402
24.25,0.5,260.59402
24.25,0.5,260.54402
24.25,0.5,260.49403
24.25,0.5,260.44402
24.25,0.5,260.39402
24.25,0.5,260.34402
24.25,0.5,260.29402
24.25,0.5,260.24403
24.25,0.5,260.19402
24.25,0.5,260.14402
24.25,0.5,260.09402
24.25,0.5,260.04402
24.25,0.5,259.99403
24.25,0.5,259.94402
24.25,0.5,259.89402
24.25,0.5,259.84402
24.25,0.5,259.79402
24.25,0.5,259.74403
24.25,0.5,259.69402
24.25,0.5,259.64402
24.25,0.5,259.59402
24.25,0.5,259.54402
24.25,0.5,259.49403
24.25,0.5,259.44402
24.25,0.5,259.39402
24.25,0.5,259.34402
24.25,0.5,259.29402
24.25,0.5,259.24403
24.25,0.5,259.19402
24.25,0.5,259.14402
24.25,0.5,259.09402
24.25,0.5,259.04402
24.25,0.5,258.99403
24.25,0.5,258.94402
24.25,0.5,258.89402
24.25,0.5,258.84402
24.25,0.5,258.66902
24.25,0.5,258.11903
24.25,0.5,257.06902
24.75,0.5,261.29173
24.75,0.5,261.24173
24.75,0.5,261.19173
24.75,0.5,261.14173
24.75,0.5,261.09173
24.75,0.5,261.04173
24.75,0.5,260.99173
24.75,0.5,260.94173
24.75,0.5,260.89173
24.75,0.5,260.84173
24.75,0.5,260.79173
24.75,0.5,260.74173
24.75,0.5,260.69173
24.75,0.5,260.64173
24.75,0.5,260.59173
24.75,0.5,260.54173
24.75,0.5,260.49173
24.75,0.5,260.44173
24.75,0.5,260.39173
24.75,0.5,260.34173
24.75,0.5,260.29173
24.75,0.5,260.24173
24.75,0.5,260.19173
24.75,0.5,260.14173
24.75,0.5,260.09173
24.75,0.5,260.04173
24.75,0.5,259.99173
24.75,0.5,259.94173
24.75,0.5,259.89173
24.75,0.5,259.84173
24.75,0.5,259.79173
24.75,0.5,259.74173
24.75,0.5,259.69173
24.75,0.5,259.64173
24.75,0.5,259.59173
24.75,0.5,259.54173
24.75,0.5,259.49173
24.75,0.5,259.44173
24.75,0.5,259.39173
24.75,0.5,259.34173
24.75,0.5,259.29173
24.75,0.5,259.24173
24.75,0.5,259.19173
24.75,0.5,259.14173
24.75,0.5,259.09173
24.75,0.5,259.04173
24.75,0.5,258.99173
24.75,0.5,258.94173
24.75,0.5,258.89173
24.75,0.5,258.84173
24.75,0.5,258.66673
24.75,0.5,258.11673
24.75,0.5,257.06673
25.25,0.5,261.29269
25.25,0.5,261.24268
25.25,0.5,261.19269
25.25,0.5,261.14269
25.25,0.5,261.09269
25.25,0.5,261.04269
25.25,0.5,260.99268
25.25,0.5,260.94269
25.25,0.5,260.89269
25.25,0.5,260.84269
25.25,0.5,260.79269
25.25,0.5,260.74268
25.25,0.5,260.69269
25.25,0.5,260.64269
25.25,0.5,260.59269
25.25,0.5,260.54269
25.25,0.5,260.49268
25.25,0.5,260.44269
25.25,0.5,260.39269
25.25,0.5,260.34269
25.25,0.5,260.29269
25.25,0.5,260.24268
25.25,0.5,260.19269
25.25,0.5,260.14269
25.25,0.5,260.09269
25.25,0.5,260.04269
25.25,0.5,259.99268
25.25,0.5,259.94269
25.25,0.5,259.89269
25.25,0.5,259.84269
25.25,0.5,259.79269
25.25,0.5,259.74268
25.25,0.5,259.69269
25.25,0.5,259.64269
25.25,0.5,259.59269
25.25,0.5,259.54269
25.25,0.5,259.49268
25.25,0.5,259.44269
25.25,0.5,259.39269
25.25,0.5,259.34269
25.25,0.5,259.29269
25.25,0.5,259.24268
25.25,0.5,259.19269
25.25,0.5,259.14269
25.25,0.5,259.09269
25.25,0.5,259.04269
25.25,0.5,258.99268
25.25,0.5,258.94269
25.25,0.5,258.89269
25.25,0.5,258.84269
25.25,0.5,258.66769
25.25,0.5,258.11768
25.25,0.5,257.06769
25.75,0.5,255.5216
25.75,0.5,253.4716
25.75,0.5,250.9216
25.75,0.5,247.8716
25.75,0.5,244.32161
26.25,0.5,255.52017
26.25,0.5,253.47017
26.25,0.5,250.92017
26.25,0.5,247.87017
26.25,0.5,244.32017
26.75,0.5,255.5135
26.75,0.5,253.4635
26.75,0.5,250.9135
26.75,0.5,247.8635
26.75,0.5,244.3135
27.25,0.5,255.50505
27.25,0.5,253.45506
27.25,0.5,250.90506
27.25,0.5,247.85506
27.25,0.5,244.30506
25.75,0.5,261.29661
25.75,0.5,261.2466
25.75,0.5,261.1966
25.75,0.5,261.14661
25.75,0.5,261.09661
25.75,0.5,261.04661
25.75,0.5,260.9966
25.75,0.5,260.9466
25.75,0.5,260.89661
25.75,0.5,260.84661
25.75,0.5,260.79661
25.75,0.5,260.7466
25.75,0.5,260.6966
25.75,0.5,260.64661
25.75,0.5,260.59661
25.75,0.5,260.54661
25.75,0.5,260.4966
25.75,0.5,260.4466
25.75,0.5,260.39661
25.75,0.5,260.34661
25.75,0.5,260.29661
25.75,0.5,260.2466
25.75,0.5,260.1966
25.75,0.5,260.14661
25.75,0.5,260.09661
25.75,0.5,260.04661
25.75,0.5,259.9966
25.75,0.5,259.9466
25.75,0.5,259.89661
25.75,0.5,259.84661
25.75,0.5,259.79661
25.75,0.5,259.7466
25.75,0.5,259.6966
25.75,0.5,259.64661
25.75,0.5,259.59661
25.75,0.5,259.54661
25.75,0.5,259.4966
25.75,0.5,259.4466
25.75,0.5,259.39661
25.75,0.5,259.34661
25.75,0.5,259.29661
25.75,0.5,259.2466
25.75,0.5,259.1966
25.75,0.5,259.14661
25.75,0.5,259.09661
25.75,0.5,259.04661
25.75,0.5,258.9966
25.75,0.5,258.9466
25.75,0.5,258.89661
25.75,0.5,258.84661
25.75,0.5,258.67161
25.75,0.5,258.1216
25.75,0.5,257.0716
26.25,0.5,261.29517
26.25,0.5,261.24517
26.25,0.5,261.19517
26.25,0.5,261.14516
26.25,0.5,261.09517
26.25,0.5,261.04517
26.25,0.5,260.99517
26.25,0.5,260.94517
26.25,0.5,260.89516
26.25,0.5,260.84517
26.25,0.5,260.79517
26.25,0.5,260.74517
26.25,0.5,260.69517
26.25,0.5,260.64516
26.25,0.5,260.59517
26.25,0.5,260.54517
26.25,0.5,260.49517
26.25,0.5,260.44517
26.25,0.5,260.39516
26.25,0.5,260.34517
26.25,0.5,260.29517
26.25,0.5,260.24517
26.25,0.5,260.19517
26.25,0.5,260.14516
26.25,0.5,260.09517
26.25,0.5,260.04517
26.25,0.5,259.99517
26.25,0.5,259.94517
26.25,0.5,259.89516
26.25,0.5,259.84517
26.25,0.5,259.79517
26.25,0.5,259.74517
26.25,0.5,259.69517
26.25,0.5,259.64516
26.25,0.5,259.59517
26.25,0.5,259.54517
26.25,0.5,259.49517
26.25,0.5,259.44517
26.25,0.5,259.39516
26.25,0.5,259.34517
26.25,0.5,259.29517
26.25,0.5,259.24517
26.25,0.5,259.19517
26.25,0.5,259.14516
26.25,0.5,259.09517
26.25,0.5,259.04517
26.25,0.5,258.99517
26.25,0.5,258.94517
26.25,0.5,258.89516
26.25,0.5,258.84517
26.25,0.5,258.67017
26.25,0.5,258.12017
26.25,0.5,257.07017
26.75,0.5,261.2885
26.75,0.5,261.2385
26.75,0.5,261.1885
26.75,0.5,261.1385
26.75,0.5,261.08849
26.75,0.5,261.0385
26.75,0.5,260.9885
26.75,0.5,260.9385
26.75,0.5,260.8885
26.75,0.5,260.83849
26.75,0.5,260.7885
26.75,0.5,260.7385
26.75,0.5,260.6885
26.75,0.5,260.6385
26.75,0.5,260.58849
26.75,0.5,260.5385
26.75,0.5,260.4885
26.75,0.5,260.4385
26.75,0.5,260.3885
26.75,0.5,260.33849
26.75,0.5,260.2885
26.75,0.5,260.2385
26.75,0.5,260.1885
26.75,0.5,260.1385
26.75,0.5,260.08849
26.75,0.5,260.0385
26.75,0.5,259.9885
26.75,0.5,259.9385
26.75,0.5,259.8885
26.75,0.5,259.83849
26.75,0.5,259.7885
26.75,0.5,259.7385
26.75,0.5,259.6885
26.75,0.5,259.6385
26.75,0.5,259.58849
26.75,0.5,259.5385
26.75,0.5,259.4885
26.75,0.5,259.4385
26.75,0.5,259.3885
26.75,0.5,259.33849
26.75,0.5,259.2885
26.75,0.5,259.2385
26.75,0.5,259.1885
26.75,0.5,259.1385
26.75,0.5,259.08849
26.75,0.5,259.0385
26.75,0.5,258.9885
26.75,0.5,258.9385
26.75,0.5,258.8885
26.75,0.5,258.83849
26.75,0.5,258.6635
26.75,0.5,258.1135
26.75,0.5,257.0635
27.25,0.5,261.28005
27.25,0.5,261.23006
27.25,0.5,261.18005
27.25,0.5,261.13005
27.25,0.5,261.08006
27.25,0.5,261.03005
27.25,0.5,260.98006
27.25,0.5,260.93005
27.25,0.5,260.88005
27.25,0.5,260.83006
27.25,0.5,260.78005
27.25,0.5,260.73006
27.25,0.5,260.68005
27.25,0.5,260.63005
27.25,0.5,260.58006
27.25,0.5,260.53005
27.25,0.5,260.48006
27.25,0.5,260.43005
27.25,0.5,260.38005
27.25,0.5,260.33006
27.25,0.5,260.28005
27.25,0.5,260.23006
27.25,0.5,260.18005
27.25,0.5,260.13005
27.25,0.5,260.08006
27.25,0.5,260.03005
27.25,0.5,259.98006
27.25,0.5,259.93005
27.25,0.5,259.88005
27.25,0.5,259.83006
27.25,0.5,259.78005
27.25,0.5,259.73006
27.25,0.5,259.68005
27.25,0.5,259.63005
27.25,0.5,259.58006
27.25,0.5,259.53005
27.25,0.5,259.48006
27.25,0.5,259.43005
27.25,0.5,259.38005
27.25,0.5,259.33006
27.25,0.5,259.28005
27.25,0.5,259.23006
27.25,0.5,259.18005
27.25,0.5,259.13005
27.25,0.5,259.08006
27.25,0.5,259.03005
27.25,0.5,258.98006
27.25,0.5,258.93005
27.25,0.5,258.88005
27.25,0.5,258.83006
27.25,0.5,258.65505
27.25,0.5,258.10506
27.25,0.5,257.05505
27.75,0.5,255.49493
27.75,0.5,253.44493
27.75,0.5,250.89493
27.75,0.5,247.84493
27.75,0.5,244.29493
28.25,0.5,255.48568
28.25,0.5,253.43568
28.25,0.5,250.88568
28.25,0.5,247.83568
28.25,0.5,244.28569
28.75,0.5,255.47729
28.75,0.5,253.4273
28.75,0.5,250.8773
28.75,0.5,247.8273
28.75,0.5,244.2773
29.25,0.5,255.46935
29.25,0.5,253.41936
29.25,0.5,250.86936
29.25,0.5,247.81936
29.25,0.5,244.26936
27.75,0.5,261.26994
27.75,0.5,261.21993
27.75,0.5,261.16993
27.75,0.5,261.11993
27.75,0.5,261.06993
27.75,0.5,261.01994
27.75,0.5,260.96993
27.75,0.5,260.91993
27.75,0.5,260.86993
27.75,0.5,260.81993
27.75,0.5,260.76994
27.75,0.5,260.71993
27.75,0.5,260.66993
27.75,0.5,260.61993
27.75,0.5,260.56993
27.75,0.5,260.51994
27.75,0.5,260.46993
27.75,0.5,260.41993
27.75,0.5,260.36993
27.75,0.5,260.31993
27.75,0.5,260.26994
27.75,0.5,260.21993
27.75,0.5,260.16993
27.75,0.5,260.11993
27.75,0.5,260.06993
27.75,0.5,260.01994
27.75,0.5,259.96993
27.75,0.5,259.91993
27.75,0.5,259.86993
27.75,0.5,259.81993
27.75,0.5,259.76994
27.75,0.5,259.71993
27.75,0.5,259.66993
27.75,0.5,259.61993
27.75,0.5,259.56993
27.75,0.5,259.51994
27.75,0.5,259.46993
27.75,0.5,259.41993
27.75,0.5,259.36993
27.75,0.5,259.31993
27.75,0.5,259.26994
27.75,0.5,259.21993
27.75,0.5,259.16993
27.75,0.5,259.11993
27.75,0.5,259.06993
27.75,0.5,259.01994
27.75,0.5,258.96993
27.75,0.5,258.91993
27.75,0.5,258.86993
27.75,0.5,258.81993
27.75,0.5,258.64494
27.75,0.5,258.09493
27.75,0.5,257.04493
28.25,0.5,261.26069
28.25,0.5,261.21069
28.25,0.5,261.16068
28.25,0.5,261.11068
28.25,0.5,261.06068
28.25,0.5,261.01069
28.25,0.5,260.96069
28.25,0.5,260.91068
28.25,0.5,260.86068
28.25,0.5,260.81068
28.25,0.5,260.76069
28.25,0.5,260.71069
28.25,0.5,260.66068
28.25,0.5,260.61068
28.25,0.5,260.56068
28.25,0.5,260.51069
28.25,0.5,260.46069
28.25,0.5,260.41068
28.25,0.5,260.36068
28.25,0.5,260.31068
28.25,0.5,260.26069
28.25,0.5,260.21069
28.25,0.5,260.16068
28.25,0.5,260.11068
28.25,0.5,260.06068
28.25,0.5,260.01069
28.25,0.5,259.96069
28.25,0.5,259.91068
28.25,0.5,259.86068
28.25,0.5,259.81068
28.25,0.5,259.76069
28.25,0.5,259.71069
28.25,0.5,259.66068
28.25,0.5,259.61068
28.25,0.5,259.56068
28.25,0.5,259.51069
28.25,0.5,259.46069
28.25,0.5,259.41068
28.25,0.5,259.36068
28.25,0.5,259.31068
28.25,0.5,259.26069
28.25,0.5,259.21069
28.25,0.5,259.16068
28.25,0.5,259.11068
28.25,0.5,259.06068
28.25,0.5,259.01069
28.25,0.5,258.96069
28.25,0.5,258.91068
28.25,0.5,258.86068
28.25,0.5,258.81068
28.25,0.5,258.63569
28.25,0.5,258.08569
28.25,0.5,257.03568
28.75,0.5,261.2523
28.75,0.5,261.20229
28.75,0.5,261.15229
28.75,0.5,261.10229
28.75,0.5,261.0523
28.75,0.5,261.0023
28.75,0.5,260.95229
28.75,0.5,260.90229
28.75,0.5,260.85229
28.75,0.5,260.8023
28.75,0.5,260.7523
28.75,0.5,260.70229
28.75,0.5,260.65229
28.75,0.5,260.60229
28.75,0.5,260.5523
28.75,0.5,260.5023
28.75,0.5,260.45229
28.75,0.5,260.40229
28.75,0.5,260.35229
28.75,0.5,260.3023
28.75,0.5,260.2523
28.75,0.5,260.20229
28.75,0.5,260.15229
28.75,0.5,260.10229
28.75,0.5,260.0523
28.75,0.5,260.0023
28.75,0.5,259.95229
28.75,0.5,259.90229
28.75,0.5,259.85229
28.75,0.5,259.8023
28.75,0.5,259.7523
28.75,0.5,259.70229
28.75,0.5,259.65229
28.75,0.5,259.60229
28.75,0.5,259.5523
28.75,0.5,259.5023
28.75,0.5,259.45229
28.75,0.5,259.40229
28.75,0.5,259.35229
28.75,0.5,259.3023
28.75,0.5,259.2523
28.75,0.5,259.20229
28.75,0.5,259.15229
28.75,0.5,259.10229
28.75,0.5,259.0523
28.75,0.5,259.0023
28.75,0.5,258.95229
28.75,0.5,258.90229
28.75,0.5,258.85229
28.75,0.5,258.8023
28.75,0.5,258.6273
28.75,0.5,258.07729
28.75,0.5,257.02729
29.25,0.5,261.24435
29.25,0.5,261.19436
29.25,0.5,261.14436
29.25,0.5,261.09436
29.25,0.5,261.04436
29.25,0.5,260.99435
29.25,0.5,260.94436
29.25,0.5,260.89436
29.25,0.5,260.84436
29.25,0.5,260.79436
29.25,0.5,260.74435
29.25,0.5,260.69436
29.25,0.5,260.64436
29.25,0.5,260.59436
29.25,0.5,260.54436
29.25,0.5,260.49435
29.25,0.5,260.44436
29.25,0.5,260.39436
29.25,0.5,260.34436
29.25,0.5,260.29436
29.25,0.5,260.24435
29.25,0.5,260.19436
29.25,0.5,260.14436
29.25,0.5,260.09436
29.25,0.5,260.04436
29.25,0.5,259.99435
29.25,0.5,259.94436
29.25,0.5,259.89436
29.25,0.5,259.84436
29.25,0.5,259.79436
29.25,0.5,259.74435
29.25,0.5,259.69436
29.25,0.5,259.64436
29.25,0.5,259.59436
29.25,0.5,259.54436
29.25,0.5,259.49435
29.25,0.5,259.44436
29.25,0.5,259.39436
29.25,0.5,259.34436
29.25,0.5,259.29436
29.25,0.5,259.24435
29.25,0.5,259.19436
29.25,0.5,259.14436
29.25,0.5,259.09436
29.25,0.5,259.04436
29.25,0.5,258.99435
29.25,0.5,258.94436
29.25,0.5,258.89436
29.25,0.5,258.84436
29.25,0.5,258.79436
29.25,0.5,258.61935
29.25,0.5,258.06936
29.25,0.5,257.01936
29.75,0.5,255.4623
29.75,0.5,253.4123
29.75,0.5,250.8623
29.75,0.5,247.8123
29.75,0.5,244.2623
30.25,0.5,255.46648
30.25,0.5,253.41648
30.25,0.5,250.86648
30.25,0.5,247.81648
30.25,0.5,244.26648
30.75,0.5,255.4815
30.75,0.5,253.4315
30.75,0.5,250.8815
30.75,0.5,247.83151
30.75,0.5,244.28151
31.25,0.5,255.49815
31.25,0.5,253.44816
31.25,0.5,250.89816
31.25,0.5,247.84816
31.25,0.5,244.29816
29.75,0.5,261.2373
29.75,0.5,261.1873
29.75,0.5,261.13731
29.75,0.5,261.0873
29.75,0.5,261.0373
29.75,0.5,260.9873
29.75,0.5,260.9373
29.75,0.5,260.88731
29.75,0.5,260.8373
29.75,0.5,260.7873
29.75,0.5,260.7373
29.75,0.5,260.6873
29.75,0.5,260.63731
29.75,0.5,260.5873
29.75,0.5,260.5373
29.75,0.5,260.4873
29.75,0.5,260.4373
29.75,0.5,260.38731
29.75,0.5,260.3373
29.75,0.5,260.2873
29.75,0.5,260.2373
29.75,0.5,260.1873
29.75,0.5,260.13731
29.75,0.5,260.0873
29.75,0.5,260.0373
29.75,0.5,259.9873
29.75,0.5,259.9373
29.75,0.5,259.88731
29.75,0.5,259.8373
29.75,0.5,259.7873
29.75,0.5,259.7373
29.75,0.5,259.6873
29.75,0.5,259.63731
29.75,0.5,259.5873
29.75,0.5,259.5373
29.75,0.5,259.4873
29.75,0.5,259.4373
29.75,0.5,259.38731
29.75,0.5,259.3373
29.75,0.5,259.2873
29.75,0.5,259.2373
29.75,0.5,259.1873
29.75,0.5,259.13731
29.75,0.5,259.0873
29.75,0.5,259.0373
29.75,0.5,258.9873
29.75,0.5,258.9373
29.75,0.5,258.88731
29.75,0.5,258.8373
29.75,0.5,258.7873
29.75,0.5,258.6123
29.75,0.5,258.0623
29.75,0.5,257.01231
30.25,0.5,261.24148
30.25,0.5,261.19147
30.25,0.5,261.14148
30.25,0.5,261.09148
30.25,0.5,261.04147
30.25,0.5,260.99148
30.25,0.5,260.94147
30.25,0.5,260.89148
30.25,0.5,260.84148
30.25,0.5,260.79147
30.25,0.5,260.74148
30.25,0.5,260.69147
30.25,0.5,260.64148
30.25,0.5,260.59148
30.25,0.5,260.54147
30.25,0.5,260.49148
30.25,0.5,260.44147
30.25,0.5,260.39148
30.25,0.5,260.34148
30.25,0.5,260.29147
30.25,0.5,260.24148
30.25,0.5,260.19147
30.25,0.5,260.14148
30.25,0.5,260.09148
30.25,0.5,260.04147
30.25,0.5,259.99148
30.25,0.5,259.94147
30.25,0.5,259.89148
30.25,0.5,259.84148
30.25,0.5,259.79147
30.25,0.5,259.74148
30.25,0.5,259.69147
30.25,0.5,259.64148
30.25,0.5,259.59148
30.25,0.5,259.54147
30.25,0.5,259.49148
30.25,0.5,259.44147
30.25,0.5,259.39148
30.25,0.5,259.34148
30.25,0.5,259.29147
30.25,0.5,259.24148
30.25,0.5,259.19147
30.25,0.5,259.14148
30.25,0.5,259.09148
30.25,0.5,259.04147
30.25,0.5,258.99148
30.25,0.5,258.94147
30.25,0.5,258.89148
30.25,0.5,258.84148
30.25,0.5,258.79147
30.25,0.5,258.61648
30.25,0.5,258.06647
30.25,0.5,257.01648
30.75,0.5,261.25651
30.75,0.5,261.2065
30.75,0.5,261.1565
30.75,0.5,261.1065
30.75,0.5,261.0565
30.75,0.5,261.00651
30.75,0.5,260.9565
30.75,0.5,260.9065
30.75,0.5,260.8565
30.75,0.5,260.8065
30.75,0.5,260.75651
30.75,0.5,260.7065
30.75,0.5,260.6565
30.75,0.5,260.6065
30.75,0.5,260.5565
30.75,0.5,260.50651
30.75,0.5,260.4565
30.75,0.5,260.4065
30.75,0.5,260.3565
30.75,0.5,260.3065
30.75,0.5,260.25651
30.75,0.5,260.2065
30.75,0.5,260.1565
30.75,0.5,260.1065
30.75,0.5,260.0565
30.75,0.5,260.00651
30.75,0.5,259.9565
30.75,0.5,259.9065
30.75,0.5,259.8565
30.75,0.5,259.8065
30.75,0.5,259.75651
30.75,0.5,259.7065
30.75,0.5,259.6565
30.75,0.5,259.6065
30.75,0.5,259.5565
30.75,0.5,259.50651
30.75,0.5,259.4565
30.75,0.5,259.4065
30.75,0.5,259.3565
30.75,0.5,259.3065
30.75,0.5,259.25651
30.75,0.5,259.2065
30.75,0.5,259.1565
30.75,0.5,259.1065
30.75,0.5,259.0565
30.75,0.5,259.00651
30.75,0.5,258.9565
30.75,0.5,258.9065
30.75,0.5,258.8565
30.75,0.5,258.8065
30.75,0.5,258.63151
30.75,0.5,258.0815
30.75,0.5,257.0315
31.25,0.5,261.27316
31.25,0.5,261.22316
31.25,0.5,261.17316
31.25,0.5,261.12315
31.25,0.5,261.07316
31.25,0.5,261.02316
31.25,0.5,260.97316
31.25,0.5,260.92316
31.25,0.5,260.87315
31.25,0.5,260.82316
31.25,0.5,260.77316
31.25,0.5,260.72316
31.25,0.5,260.67316
31.25,0.5,260.62315
31.25,0.5,260.57316
31.25,0.5,260.52316
31.25,0.5,260.47316
31.25,0.5,260.42316
31.25,0.5,260.37315
31.25,0.5,260.32316
31.25,0.5,260.27316
31.25,0.5,260.22316
31.25,0.5,260.17316
31.25,0.5,260.12315
31.25,0.5,260.07316
31.25,0.5,260.02316
31.25,0.5,259.97316
31.25,0.5,259.92316
31.25,0.5,259.87315
31.25,0.5,259.82316
31.25,0.5,259.77316
31.25,0.5,259.72316
31.25,0.5,259.67316
31.25,0.5,259.62315
31.25,0.5,259.57316
31.25,0.5,259.52316
31.25,0.5,259.47316
31.25,0.5,259.42316
31.25,0.5,259.37315
31.25,0.5,259.32316
31.25,0.5,259.27316
31.25,0.5,259.22316
31.25,0.5,259.17316
31.25,0.5,259.12315
31.25,0.5,259.07316
31.25,0.5,259.02316
31.25,0.5,258.97316
31.25,0.5,258.92316
31.25,0.5,258.87315
31.25,0.5,258.82316
31.25,0.5,258.64816
31.25,0.5,258.09816
31.25,0.5,257.04816
31.75,0.5,255.51631
31.75,0.5,253.46631
31.75,0.5,250.91631
31.75,0.5,247.8663
31.75,0.5,244.3163
32.25,0.5,255.53296
32.25,0.5,253.48296
32.25,0.5,250.93295
32.25,0.5,247.88295
32.25,0.5,244.33295
32.75,0.5,255.54794
32.75,0.5,253.49794
32.75,0.5,250.94794
32.75,0.5,247.89793
32.75,0.5,244.34793
33.25,0.5,255.55775
33.25,0.5,253.50774
33.25,0.5,250.95774
33.25,0.5,247.90774
33.25,0.5,244.35773
33.75,0.5,255.56249
33.75,0.5,253.51249
33.75,0.5,250.96249
33.75,0.5,247.91248
33.75,0.5,244.36248
31.75,0.5,261.29131
31.75,0.5,261.24131
31.75,0.5,261.19131
31.75,0.5,261.1413
31.75,0.5,261.0913
31.75,0.5,261.04131
31.75,0.5,260.99131
31.75,0.5,260.94131
31.75,0.5,260.8913
31.75,0.5,260.8413
31.75,0.5,260.79131
31.75,0.5,260.74131
31.75,0.5,260.69131
31.75,0.5,260.6413
31.75,0.5,260.5913
31.75,0.5,260.54131
31.75,0.5,260.49131
31.75,0.5,260.44131
31.75,0.5,260.3913
31.75,0.5,260.3413
31.75,0.5,260.29131
31.75,0.5,260.24131
31.75,0.5,260.19131
31.75,0.5,260.1413
31.75,0.5,260.0913
31.75,0.5,260.04131
31.75,0.5,259.99131
31.75,0.5,259.94131
31.75,0.5,259.8913
31.75,0.5,259.8413
31.75,0.5,259.79131
31.75,0.5,259.74131
31.75,0.5,259.69131
31.75,0.5,259.6413
31.75,0.5,259.5913
31.75,0.5,259.54131
31.75,0.5,259.49131
31.75,0.5,259.44131
31.75,0.5,259.3913
31.75,0.5,259.3413
31.75,0.5,259.29131
31.75,0.5,259.24131
31.75,0.5,259.19131
31.75,0.5,259.1413
31.75,0.5,259.0913
31.75,0.5,259.04131
31.75,0.5,258.99131
31.75,0.5,258.94131
31.75,0.5,258.8913
31.75,0.5,258.8413
31.75,0.5,258.66631
31.75,0.5,258.11631
31.75,0.5,257.06631
32.25,0.5,261.30795
32.25,0.5,261.25796
32.25,0.5,261.20795
32.25,0.5,261.15795
32.25,0.5,261.10795
32.25,0.5,261.05795
32.25,0.5,261.00796
32.25,0.5,260.95795
32.25,0.5,260.90795
32.25,0.5,260.85795
32.25,0.5,260.80795
32.25,0.5,260.75796
32.25,0.5,260.70795
32.25,0.5,260.65795
32.25,0.5,260.60795
32.25,0.5,260.55795
32.25,0.5,260.50796
32.25,0.5,260.45795
32.25,0.5,260.40795
32.25,0.5,260.35795
32.25,0.5,260.30795
32.25,0.5,260.25796
32.25,0.5,260.20795
32.25,0.5,260.15795
32.25,0.5,260.10795
32.25,0.5,260.05795
32.25,0.5,260.00796
32.25,0.5,259.95795
32.25,0.5,259.90795
32.25,0.5,259.85795
32.25,0.5,259.80795
32.25,0.5,259.75796
32.25,0.5,259.70795
32.25,0.5,259.65795
32.25,0.5,259.60795
32.25,0.5,259.55795
32.25,0.5,259.50796
32.25,0.5,259.45795
32.25,0.5,259.40795
32.25,0.5,259.35795
32.25,0.5,259.30795
32.25,0.5,259.25796
32.25,0.5,259.20795
32.25,0.5,259.15795
32.25,0.5,259.10795
32.25,0.5,259.05795
32.25,0.5,259.00796
32.25,0.5,258.95795
32.25,0.5,258.90795
32.25,0.5,258.85795
32.25,0.5,258.68295
32.25,0.5,258.13296
32.25,0.5,257.08295
32.75,0.5,261.32294
32.75,0.5,261.27294
32.75,0.5,261.22294
32.75,0.5,261.17294
32.75,0.5,261.12293
32.75,0.5,261.07294
32.75,0.5,261.02294
32.75,0.5,260.97294
32.75,0.5,260.92294
32.75,0.5,260.87293
32.75,0.5,260.82294
32.75,0.5,260.77294
32.75,0.5,260.72294
32.75,0.5,260.67294
32.75,0.5,260.62293
32.75,0.5,260.57294
32.75,0.5,260.52294
32.75,0.5,260.47294
32.75,0.5,260.42294
32.75,0.5,260.37293
32.75,0.5,260.32294
32.75,0.5,260.27294
32.75,0.5,260.22294
32.75,0.5,260.17294
32.75,0.5,260.12293
32.75,0.5,260.07294
32.75,0.5,260.02294
32.75,0.5,259.97294
32.75,0.5,259.92294
32.75,0.5,259.87293
32.75,0.5,259.82294
32.75,0.5,259.77294
32.75,0.5,259.72294
32.75,0.5,259.67294
32.75,0.5,259.62293
32.75,0.5,259.57294
32.75,0.5,259.52294
32.75,0.5,259.47294
32.75,0.5,259.42294
32.75,0.5,259.37293
32.75,0.5,259.32294
32.75,0.5,259.27294
32.75,0.5,259.22294
32.75,0.5,259.17294
32.75,0.5,259.12293
32.75,0.5,259.07294
32.75,0.5,259.02294
32.75,0.5,258.97294
32.75,0.5,258.92294
32.75,0.5,258.87293
32.75,0.5,258.69794
32.75,0.5,258.14794
32.75,0.5,257.09794
33.25,0.5,261.33275
33.25,0.5,261.28275
33.25,0.5,261.23274
33.25,0.5,261.18274
33.25,0.5,261.13274
33.25,0.5,261.08275
33.25,0.5,261.03275
33.25,0.5,260.98274
33.25,0.5,260.93274
33.25,0.5,260.88274
33.25,0.5,260.83275
33.25,0.5,260.78275
33.25,0.5,260.73274
33.25,0.5,260.68274
33.25,0.5,260.63274
33.25,0.5,260.58275
33.25,0.5,260.53275
33.25,0.5,260.48274
33.25,0.5,260.43274
33.25,0.5,260.38274
33.25,0.5,260.33275
33.25,0.5,260.28275
33.25,0.5,260.23274
33.25,0.5,260.18274
33.25,0.5,260.13274
33.25,0.5,260.08275
33.25,0.5,260.03275
33.25,0.5,259.98274
33.25,0.5,259.93274
33.25,0.5,259.88274
33.25,0.5,259.83275
33.25,0.5,259.78275
33.25,0.5,259.73274
33.25,0.5,259.68274
33.25,0.5,259.63274
33.25,0.5,259.58275
33.25,0.5,259.53275
33.25,0.5,259.48274
33.25,0.5,259.43274
33.25,0.5,259.38274
33.25,0.5,259.33275
33.25,0.5,259.28275
33.25,0.5,259.23274
33.25,0.5,259.18274
33.25,0.5,259.13274
33.25,0.5,259.08275
33.25,0.5,259.03275
33.25,0.5,258.98274
33.25,0.5,258.93274
33.25,0.5,258.88274
33.25,0.5,258.70775
33.25,0.5,258.15775
33.25,0.5,257.10774
33.75,0.5,261.33749
33.75,0.5,261.28749
33.75,0.5,261.23749
33.75,0.5,261.18748
33.75,0.5,261.13748
33.75,0.5,261.08749
33.75,0.5,261.03749
33.75,0.5,260.98749
33.75,0.5,260.93748
33.75,0.5,260.88748
33.75,0.5,260.83749
33.75,0.5,260.78749
33.75,0.5,260.73749
33.75,0.5,260.68748
33.75,0.5,260.63748
33.75,0.5,260.58749
33.75,0.5,260.53749
33.75,0.5,260.48749
33.75,0.5,260.43748
33.75,0.5,260.38748
33.75,0.5,260.33749
33.75,0.5,260.28749
33.75,0.5,260.23749
33.75,0.5,260.18748
33.75,0.5,260.13748
33.75,0.5,260.08749
33.75,0.5,260.03749
33.75,0.5,259.98749
33.75,0.5,259.93748
33.75,0.5,259.88748
33.75,0.5,259.83749
33.75,0.5,259.78749
33.75,0.5,259.73749
33.75,0.5,259.68748
33.75,0.5,259.63748
33.75,0.5,259.58749
33.75,0.5,259.53749
33.75,0.5,259.48749
33.75,0.5,259.43748
33.75,0.5,259.38748
33.75,0.5,259.33749
33.75,0.5,259.28749
33.75,0.5,259.23749
33.75,0.5,259.18748
33.75,0.5,259.13748
33.75,0.5,259.08749
33.75,0.5,259.03749
33.75,0.5,258.98749
33.75,0.5,258.93748
33.75,0.5,258.88748
33.75,0.5,258.71249
33.75,0.5,258.16249
33.75,0.5,257.11249
34.25,0.5,255.56489
34.25,0.5,253.51488
34.25,0.5,250.96488
34.25,0.5,247.91488
34.25,0.5,244.36488
34.75,0.5,255.56501
34.75,0.5,253.515
34.75,0.5,250.965
34.75,0.5,247.915
34.75,0.5,244.365
35.25,0.5,255.56445
35.25,0.5,253.51445
35.25,0.5,250.96445
35.25,0.5,247.91444
35.25,0.5,244.36444
35.75,0.5,255.56347
35.75,0.5,253.51347
35.75,0.5,250.96347
35.75,0.5,247.91348
35.75,0.5,244.36347
36.25,0.5,255.56733
36.25,0.5,253.51733
36.25,0.5,250.96733
36.25,0.5,247.91734
36.25,0.5,244.36733
34.25,0.5,261.33989
34.25,0.5,261.28989
34.25,0.5,261.23988
34.25,0.5,261.18988
34.25,0.5,261.13988
34.25,0.5,261.08989
34.25,0.5,261.03989
34.25,0.5,260.98988
34.25,0.5,260.93988
34.25,0.5,260.88988
34.25,0.5,260.83989
34.25,0.5,260.78989
34.25,0.5,260.73988
34.25,0.5,260.68988
34.25,0.5,260.63988
34.25,0.5,260.58989
34.25,0.5,260.53989
34.25,0.5,260.48988
34.25,0.5,260.43988
34.25,0.5,260.38988
34.25,0.5,260.33989
34.25,0.5,260.28989
34.25,0.5,260.23988
34.25,0.5,260.18988
34.25,0.5,260.13988
34.25,0.5,260.08989
34.25,0.5,260.03989
34.25,0.5,259.98988
34.25,0.5,259.93988
34.25,0.5,259.88988
34.25,0.5,259.83989
34.25,0.5,259.78989
34.25,0.5,259.73988
34.25,0.5,259.68988
34.25,0.5,259.63988
34.25,0.5,259.58989
34.25,0.5,259.53989
34.25,0.5,259.48988
34.25,0.5,259.43988
34.25,0.5,259.38988
34.25,0.5,259.33989
34.25,0.5,259.28989
34.25,0.5,259.23988
34.25,0.5,259.18988
34.25,0.5,259.13988
34.25,0.5,259.08989
34.25,0.5,259.03989
34.25,0.5,258.98988
34.25,0.5,258.93988
34.25,0.5,258.88988
34.25,0.5,258.71489
34.25,0.5,258.16489
34.25,0.5,257.11488
34.75,0.5,261.34
34.75,0.5,261.29
34.75,0.5,261.24001
34.75,0.5,261.19
34.75,0.5,261.14
34.75,0.5,261.09
34.75,0.5,261.04
34.75,0.5,260.99001
34.75,0.5,260.94
34.75,0.5,260.89
34.75,0.5,260.84
34.75,0.5,260.79
34.75,0.5,260.74001
34.75,0.5,260.69
34.75,0.5,260.64
34.75,0.5,260.59
34.75,0.5,260.54
34.75,0.5,260.49001
34.75,0.5,260.44
34.75,0.5,260.39
34.75,0.5,260.34
34.75,0.5,260.29
34.75,0.5,260.24001
34.75,0.5,260.19
34.75,0.5,260.14
34.75,0.5,260.09
34.75,0.5,260.04
34.75,0.5,259.99001
34.75,0.5,259.94
34.75,0.5,259.89
34.75,0.5,259.84
34.75,0.5,259.79
34.75,0.5,259.74001
34.75,0.5,259.69
34.75,0.5,259.64
34.75,0.5,259.59
34.75,0.5,259.54
34.75,0.5,259.49001
34.75,0.5,259.44
34.75,0.5,259.39
34.75,0.5,259.34
34.75,0.5,259.29
34.75,0.5,259.24001
34.75,0.5,259.19
34.75,0.5,259.14
34.75,0.5,259.09
34.75,0.5,259.04
34.75,0.5,258.99001
34.75,0.5,258.94
34.75,0.5,258.89
34.75,0.5,258.715
34.75,0.5,258.165
34.75,0.5,257.11501
35.25,0.5,261.33944
35.25,0.5,261.28944
35.25,0.5,261.23945
35.25,0.5,261.18945
35.25,0.5,261.13944
35.25,0.5,261.08944
35.25,0.5,261.03944
35.25,0.5,260.98945
35.25,0.5,260.93945
35.25,0.5,260.88944
35.25,0.5,260.83944
35.25,0.5,260.78944
35.25,0.5,260.73945
35.25,0.5,260.68945
35.25,0.5,260.63944
35.25,0.5,260.58944
35.25,0.5,260.53944
35.25,0.5,260.48945
35.25,0.5,260.43945
35.25,0.5,260.38944
35.25,0.5,260.33944
35.25,0.5,260.28944
35.25,0.5,260.23945
35.25,0.5,260.18945
35.25,0.5,260.13944
35.25,0.5,260.08944
35.25,0.5,260.03944
35.25,0.5,259.98945
35.25,0.5,259.93945
35.25,0.5,259.88944
35.25,0.5,259.83944
35.25,0.5,259.78944
35.25,0.5,259.73945
35.25,0.5,259.68945
35.25,0.5,259.63944
35.25,0.5,259.58944
35.25,0.5,259.53944
35.25,0.5,259.48945
35.25,0.5,259.43945
35.25,0.5,259.38944
35.25,0.5,259.33944
35.25,0.5,259.28944
35.25,0.5,259.23945
35.25,0.5,259.18945
35.25,0.5,259.13944
35.25,0.5,259.08944
35.25,0.5,259.03944
35.25,0.5,258.98945
35.25,0.5,258.93945
35.25,0.5,258.88944
35.25,0.5,258.71444
35.25,0.5,258.16444
35.25,0.5,257.11445
35.75,0.5,261.33847
35.75,0.5,261.28848
35.75,0.5,261.23847
35.75,0.5,261.18848
35.75,0.5,261.13847
35.75,0.5,261.08847
35.75,0.5,261.03848
35.75,0.5,260.98847
35.75,0.5,260.93848
35.75,0.5,260.88847
35.75,0.5,260.83847
35.75,0.5,260.78848
35.75,0.5,260.73847
35.75,0.5,260.68848
35.75,0.5,260.63847
35.75,0.5,260.58847
35.75,0.5,260.53848
35.75,0.5,260.48847
35.75,0.5,260.43848
35.75,0.5,260.38847
35.75,0.5,260.33847
35.75,0.5,260.28848
35.75,0.5,260.23847
35.75,0.5,260.18848
35.75,0.5,260.13847
35.75,0.5,260.08847
35.75,0.5,260.03848
35.75,0.5,259.98847
35.75,0.5,259.93848
35.75,0.5,259.88847
35.75,0.5,259.83847
35.75,0.5,259.78848
35.75,0.5,259.73847
35.75,0.5,259.68848
35.75,0.5,259.63847
35.75,0.5,259.58847
35.75,0.5,259.53848
35.75,0.5,259.48847
35.75,0.5,259.43848
35.75,0.5,259.38847
35.75,0.5,259.33847
35.75,0.5,259.28848
35.75,0.5,259.23847
35.75,0.5,259.18848
35.75,0.5,259.13847
35.75,0.5,259.08847
35.75,0.5,259.03848
35.75,0.5,258.98847
35.75,0.5,258.93848
35.75,0.5,258.88847
35.75,0.5,258.71347
35.75,0.5,258.16348
35.75,0.5,257.11347
36.25,0.5,261.34233
36.25,0.5,261.29234
36.25,0.5,261.24233
36.25,0.5,261.19234
36.25,0.5,261.14233
36.25,0.5,261.09233
36.25,0.5,261.04234
36.25,0.5,260.99233
36.25,0.5,260.94234
36.25,0.5,260.89233
36.25,0.5,260.84233
36.25,0.5,260.79234
36.25,0.5,260.74233
36.25,0.5,260.69234
36.25,0.5,260.64233
36.25,0.5,260.59233
36.25,0.5,260.54234
36.25,0.5,260.49233
36.25,0.5,260.44234
36.25,0.5,260.39233
36.25,0.5,260.34233
36.25,0.5,260.29234
36.25,0.5,260.24233
36.25,0.5,260.19234
36.25,0.5,260.14233
36.25,0.5,260.09233
36.25,0.5,260.04234
36.25,0.5,259.99233
36.25,0.5,259.94234
36.25,0.5,259.89233
36.25,0.5,259.84233
36.25,0.5,259.79234
36.25,0.5,259.74233
36.25,0.5,259.69234
36.25,0.5,259.64233
36.25,0.5,259.59233
36.25,0.5,259.54234
36.25,0.5,259.49233
36.25,0.5,259.44234
36.25,0.5,259.39233
36.25,0.5,259.34233
36.25,0.5,259.29234
36.25,0.5,259.24233
36.25,0.5,259.19234
36.25,0.5,259.14233
36.25,0.5,259.09233
36.25,0.5,259.04234
36.25,0.5,258.99233
36.25,0.5,258.94234
36.25,0.5,258.89233
36.25,0.5,258.71733
36.25,0.5,258.16734
36.25,0.5,257.11733
36.75,0.5,255.57589
36.75,0.5,253.52589
36.75,0.5,250.97589
36.75,0.5,247.92589
36.75,0.5,244.37589
37.25,0.5,255.58642
37.25,0.5,253.53642
37.25,0.5,250.98642
37.25,0.5,247.93642
37.25,0.5,244.38641
37.75,0.5,255.59857
37.75,0.5,253.54858
37.75,0.5,250.99857
37.75,0.5,247.94857
37.75,0.5,244.39857
38.25,0.5,255.60575
38.25,0.5,253.55575
38.25,0.5,251.00575
38.25,0.5,247.95575
38.25,0.5,244.40575
38.75,0.5,255.60806
38.75,0.5,253.55806
38.75,0.5,251.00806
38.75,0.5,247.95805
38.75,0.5,244.40805
36.75,0.5,261.35088
36.75,0.5,261.30089
36.75,0.5,261.25089
36.75,0.5,261.20089
36.75,0.5,261.15089
36.75,0.5,261.10088
36.75,0.5,261.05089
36.75,0.5,261.00089
36.75,0.5,260.95089
36.75,0.5,260.90089
36.75,0.5,260.85088
36.75,0.5,260.80089
36.75,0.5,260.75089
36.75,0.5,260.70089
36.75,0.5,260.65089
36.75,0.5,260.60088
36.75,0.5,260.55089
36.75,0.5,260.50089
36.75,0.5,260.45089
36.75,0.5,260.40089
36.75,0.5,260.35088
36.75,0.5,260.30089
36.75,0.5,260.25089
36.75,0.5,260.20089
36.75,0.5,260.15089
36.75,0.5,260.10088
36.75,0.5,260.05089
36.75,0.5,260.00089
36.75,0.5,259.95089
36.75,0.5,259.90089
36.75,0.5,259.85088
36.75,0.5,259.80089
36.75,0.5,259.75089
36.75,0.5,259.70089
36.75,0.5,259.65089
36.75,0.5,259.60088
36.75,0.5,259.55089
36.75,0.5,259.50089
36.75,0.5,259.45089
36.75,0.5,259.40089
36.75,0.5,259.35088
36.75,0.5,259.30089
36.75,0.5,259.25089
36.75,0.5,259.20089
36.75,0.5,259.15089
36.75,0.5,259.10088
36.75,0.5,259.05089
36.75,0.5,259.00089
36.75,0.5,258.95089
36.75,0.5,258.90089
36.75,0.5,258.72588
36.75,0.5,258.17589
36.75,0.5,257.12589
37.25,0.5,261.36141
37.25,0.5,261.31142
37.25,0.5,261.26142
37.25,0.5,261.21142
37.25,0.5,261.16142
37.25,0.5,261.11141
37.25,0.5,261.06142
37.25,0.5,261.01142
37.25,0.5,260.96142
37.25,0.5,260.91142
37.25,0.5,260.86141
37.25,0.5,260.81142
37.25,0.5,260.76142
37.25,0.5,260.71142
37.25,0.5,260.66142
37.25,0.5,260.61141
37.25,0.5,260.56142
37.25,0.5,260.51142
37.25,0.5,260.46142
37.25,0.5,260.41142
37.25,0.5,260.36141
37.25,0.5,260.31142
37.25,0.5,260.26142
37.25,0.5,260.21142
37.25,0.5,260.16142
37.25,0.5,260.11141
37.25,0.5,260.06142
37.25,0.5,260.01142
37.25,0.5,259.96142
37.25,0.5,259.91142
37.25,0.5,259.86141
37.25,0.5,259.81142
37.25,0.5,259.76142
37.25,0.5,259.71142
37.25,0.5,259.66142
37.25,0.5,259.61141
37.25,0.5,259.56142
37.25,0.5,259.51142
37.25,0.5,259.46142
37.25,0.5,259.41142
37.25,0.5,259.36141
37.25,0.5,259.31142
37.25,0.5,259.26142
37.25,0.5,259.21142
37.25,0.5,259.16142
37.25,0.5,259.11141
37.25,0.5,259.06142
37.25,0.5,259.01142
37.25,0.5,258.96142
37.25,0.5,258.91142
37.25,0.5,258.73641
37.25,0.5,258.18642
37.25,0.5,257.13642
37.75,0.5,261.37357
37.75,0.5,261.32358
37.75,0.5,261.27357
37.75,0.5,261.22357
37.75,0.5,261.17357
37.75,0.5,261.12357
37.75,0.5,261.07358
37.75,0.5,261.02357
37.75,0.5,260.97357
37.75,0.5,260.92357
37.75,0.5,260.87357
37.75,0.5,260.82358
37.75,0.5,260.77357
37.75,0.5,260.72357
37.75,0.5,260.67357
37.75,0.5,260.62357
37.75,0.5,260.57358
37.75,0.5,260.52357
37.75,0.5,260.47357
37.75,0.5,260.42357
37.75,0.5,260.37357
37.75,0.5,260.32358
37.75,0.5,260.27357
37.75,0.5,260.22357
37.75,0.5,260.17357
37.75,0.5,260.12357
37.75,0.5,260.07358
37.75,0.5,260.02357
37.75,0.5,259.97357
37.75,0.5,259.92357
37.75,0.5,259.87357
37.75,0.5,259.82358
37.75,0.5,259.77357
37.75,0.5,259.72357
37.75,0.5,259.67357
37.75,0.5,259.62357
37.75,0.5,259.57358
37.75,0.5,259.52357
37.75,0.5,259.47357
37.75,0.5,259.42357
37.75,0.5,259.37357
37.75,0.5,259.32358
37.75,0.5,259.27357
37.75,0.5,259.22357
37.75,0.5,259.17357
37.75,0.5,259.12357
37.75,0.5,259.07358
37.75,0.5,259.02357
37.75,0.5,258.97357
37.75,0.5,258.92357
37.75,0.5,258.74857
37.75,0.5,258.19858
37.75,0.5,257.14857
38.25,0.5,261.38074
38.25,0.5,261.33075
38.25,0.5,261.28075
38.25,0.5,261.23075
38.25,0.5,261.18075
38.25,0.5,261.13074
38.25,0.5,261.08075
38.25,0.5,261.03075
38.25,0.5,260.98075
38.25,0.5,260.93075
38.25,0.5,260.88074
38.25,0.5,260.83075
38.25,0.5,260.78075
38.25,0.5,260.73075
38.25,0.5,260.68075
38.25,0.5,260.63074
38.25,0.5,260.58075
38.25,0.5,260.53075
38.25,0.5,260.48075
38.25,0.5,260.43075
38.25,0.5,260.38074
38.25,0.5,260.33075
38.25,0.5,260.28075
38.25,0.5,260.23075
38.25,0.5,260.18075
38.25,0.5,260.13074
38.25,0.5,260.08075
38.25,0.5,260.03075
38.25,0.5,259.98075
38.25,0.5,259.93075
38.25,0.5,259.88074
38.25,0.5,259.83075
38.25,0.5,259.78075
38.25,0.5,259.73075
38.25,0.5,259.68075
38.25,0.5,259.63074
38.25,0.5,259.58075
38.25,0.5,259.53075
38.25,0.5,259.48075
38.25,0.5,259.43075
38.25,0.5,259.38074
38.25,0.5,259.33075
38.25,0.5,259.28075
38.25,0.5,259.23075
38.25,0.5,259.18075
38.25,0.5,259.13074
38.25,0.5,259.08075
38.25,0.5,259.03075
38.25,0.5,258.98075
38.25,0.5,258.93075
38.25,0.5,258.75574
38.25,0.5,258.20575
38.25,0.5,257.15575
38.75,0.5,261.38305
38.75,0.5,261.33305
38.75,0.5,261.28306
38.75,0.5,261.23306
38.75,0.5,261.18305
38.75,0.5,261.13305
38.75,0.5,261.08305
38.75,0.5,261.03306
38.75,0.5,260.98306
38.75,0.5,260.93305
38.75,0.5,260.88305
38.75,0.5,260.83305
38.75,0.5,260.78306
38.75,0.5,260.73306
38.75,0.5,260.68305
38.75,0.5,260.63305
38.75,0.5,260.58305
38.75,0.5,260.53306
38.75,0.5,260.48306
38.75,0.5,260.43305
38.75,0.5,260.38305
38.75,0.5,260.33305
38.75,0.5,260.28306
38.75,0.5,260.23306
38.75,0.5,260.18305
38.75,0.5,260.13305
38.75,0.5,260.08305
38.75,0.5,260.03306
38.75,0.5,259.98306
38.75,0.5,259.93305
38.75,0.5,259.88305
38.75,0.5,259.83305
38.75,0.5,259.78306
38.75,0.5,259.73306
38.75,0.5,259.68305
38.75,0.5,259.63305
38.75,0.5,259.58305
38.75,0.5,259.53306
38.75,0.5,259.48306
38.75,0.5,259.43305
38.75,0.5,259.38305
38.75,0.5,259.33305
38.75,0.5,259.28306
38.75,0.5,259.23306
38.75,0.5,259.18305
38.75,0.5,259.13305
38.75,0.5,259.08305
38.75,0.5,259.03306
38.75,0.5,258.98306
38.75,0.5,258.93305
38.75,0.5,258.75805
38.75,0.5,258.20805
38.75,0.5,257.15806
39.25,0.5,255.60753
39.25,0.5,253.55753
39.25,0.5,251.00753
39.25,0.5,247.95753
39.25,0.5,244.40754
39.75,0.5,255.60454
39.75,0.5,253.55454
39.75,0.5,251.00454
39.75,0.5,247.95454
39.75,0.5,244.40454
40.25,0.5,255.6055
40.25,0.5,253.5555
40.25,0.5,251.0055
40.25,0.5,247.9555
40.25,0.5,244.4055
40.75,0.5,255.61013
40.75,0.5,253.56014
40.75,0.5,251.01014
40.75,0.5,247.96014
40.75,0.5,244.41014
39.25,0.5,261.38253
39.25,0.5,261.33253
39.25,0.5,261.28253
39.25,0.5,261.23253
39.25,0.5,261.18253
39.25,0.5,261.13253
39.25,0.5,261.08253
39.25,0.5,261.03253
39.25,0.5,260.98253
39.25,0.5,260.93253
39.25,0.5,260.88253
39.25,0.5,260.83253
39.25,0.5,260.78253
39.25,0.5,260.73253
39.25,0.5,260.68253
39.25,0.5,260.63253
39.25,0.5,260.58253
39.25,0.5,260.53253
39.25,0.5,260.48253
39.25,0.5,260.43253
39.25,0.5,260.38253
39.25,0.5,260.33253
39.25,0.5,260.28253
39.25,0.5,260.23253
39.25,0.5,260.18253
39.25,0.5,260.13253
39.25,0.5,260.08253
39.25,0.5,260.03253
39.25,0.5,259.98253
39.25,0.5,259.93253
39.25,0.5,259.88253
39.25,0.5,259.83253
39.25,0.5,259.78253
39.25,0.5,259.73253
39.25,0.5,259.68253
39.25,0.5,259.63253
39.25,0.5,259.58253
39.25,0.5,259.53253
39.25,0.5,259.48253
39.25,0.5,259.43253
39.25,0.5,259.38253
39.25,0.5,259.33253
39.25,0.5,259.28253
39.25,0.5,259.23253
39.25,0.5,259.18253
39.25,0.5,259.13253
39.25,0.5,259.08253
39.25,0.5,259.03253
39.25,0.5,258.98253
39.25,0.5,258.93253
39.25,0.5,258.75753
39.25,0.5,258.20753
39.25,0.5,257.15753
39.75,0.5,261.37954
39.75,0.5,261.32954
39.75,0.5,261.27954
39.75,0.5,261.22954
39.75,0.5,261.17954
39.75,0.5,261.12954
39.75,0.5,261.07954
39.75,0.5,261.02954
39.75,0.5,260.97954
39.75,0.5,260.92954
39.75,0.5,260.87954
39.75,0.5,260.82954
39.75,0.5,260.77954
39.75,0.5,260.72954
39.75,0.5,260.67954
39.75,0.5,260.62954
39.75,0.5,260.57954
39.75,0.5,260.52954
39.75,0.5,260.47954
39.75,0.5,260.42954
39.75,0.5,260.37954
39.75,0.5,260.32954
39.75,0.5,260.27954
39.75,0.5,260.22954
39.75,0.5,260.17954
39.75,0.5,260.12954
39.75,0.5,260.07954
39.75,0.5,260.02954
39.75,0.5,259.97954
39.75,0.5,259.92954
39.75,0.5,259.87954
39.75,0.5,259.82954
39.75,0.5,259.77954
39.75,0.5,259.72954
39.75,0.5,259.67954
39.75,0.5,259.62954
39.75,0.5,259.57954
39.75,0.5,259.52954
39.75,0.5,259.47954
39.75,0.5,259.42954
39.75,0.5,259.37954
39.75,0.5,259.32954
39.75,0.5,259.27954
39.75,0.5,259.22954
39.75,0.5,259.17954
39.75,0.5,259.12954
39.75,0.5,259.07954
39.75,0.5,259.02954
39.75,0.5,258.97954
39.75,0.5,258.92954
39.75,0.5,258.75454
39.75,0.5,258.20454
39.75,0.5,257.15454
40.25,0.5,261.3805
40.25,0.5,261.33051
40.25,0.5,261.2805
40.25,0.5,261.2305
40.25,0.5,261.1805
40.25,0.5,261.1305
40.25,0.5,261.08051
40.25,0.5,261.0305
40.25,0.5,260.9805
40.25,0.5,260.9305
40.25,0.5,260.8805
40.25,0.5,260.83051
40.25,0.5,260.7805
40.25,0.5,260.7305
40.25,0.5,260.6805
40.25,0.5,260.6305
40.25,0.5,260.58051
40.25,0.5,260.5305
40.25,0.5,260.4805
40.25,0.5,260.4305
40.25,0.5,260.3805
40.25,0.5,260.33051
40.25,0.5,260.2805
40.25,0.5,260.2305
40.25,0.5,260.1805
40.25,0.5,260.1305
40.25,0.5,260.08051
40.25,0.5,260.0305
40.25,0.5,259.9805
40.25,0.5,259.9305
40.25,0.5,259.8805
40.25,0.5,259.83051
40.25,0.5,259.7805
40.25,0.5,259.7305
40.25,0.5,259.6805
40.25,0.5,259.6305
40.25,0.5,259.58051
40.25,0.5,259.5305
40.25,0.5,259.4805
40.25,0.5,259.4305
40.25,0.5,259.3805
40.25,0.5,259.33051
40.25,0.5,259.2805
40.25,0.5,259.2305
40.25,0.5,259.1805
40.25,0.5,259.1305
40.25,0.5,259.08051
40.25,0.5,259.0305
40.25,0.5,258.9805
40.25,0.5,258.9305
40.25,0.5,258.7555
40.25,0.5,258.20551
40.25,0.5,257.1555
40.75,0.5,261.38514
40.75,0.5,261.33514
40.75,0.5,261.28513
40.75,0.5,261.23514
40.75,0.5,261.18514
40.75,0.5,261.13514
40.75,0.5,261.08514
40.75,0.5,261.03513
40.75,0.5,260.98514
40.75,0.5,260.93514
40.75,0.5,260.88514
40.75,0.5,260.83514
40.75,0.5,260.78513
40.75,0.5,260.73514
40.75,0.5,260.68514
40.75,0.5,260.63514
40.75,0.5,260.58514
40.75,0.5,260.53513
40.75,0.5,260.48514
40.75,0.5,260.43514
40.75,0.5,260.38514
40.75,0.5,260.33514
40.75,0.5,260.28513
40.75,0.5,260.23514
40.75,0.5,260.18514
40.75,0.5,260.13514
40.75,0.5,260.08514
40.75,0.5,260.03513
40.75,0.5,259.98514
40.75,0.5,259.93514
40.75,0.5,259.88514
40.75,0.5,259.83514
40.75,0.5,259.78513
40.75,0.5,259.73514
40.75,0.5,259.68514
40.75,0.5,259.63514
40.75,0.5,259.58514
40.75,0.5,259.53513
40.75,0.5,259.48514
40.75,0.5,259.43514
40.75,0.5,259.38514
40.75,0.5,259.33514
40.75,0.5,259.28513
40.75,0.5,259.23514
40.75,0.5,259.18514
40.75,0.5,259.13514
40.75,0.5,259.08514
40.75,0.5,259.03513
40.75,0.5,258.98514
40.75,0.5,258.93514
40.75,0.5,258.76014
40.75,0.5,258.21014
40.75,0.5,257.16013
41.25,0.5,255.61355
41.25,0.5,253.56355
41.25,0.5,251.01355
41.25,0.5,247.96355
41.25,0.5,244.41355
41.75,0.5,255.61573
41.75,0.5,253.56573
41.75,0.5,251.01572
41.75,0.5,247.96572
41.75,0.5,244.41573
42.25,0.5,255.61655
42.25,0.5,253.56655
42.25,0.5,251.01655
42.25,0.5,247.96655
42.25,0.5,244.41655
42.75,0.5,255.61601
42.75,0.5,253.56601
42.75,0.5,251.01601
42.75,0.5,247.96601
42.75,0.5,244.41601
41.25,0.5,261.38855
41.25,0.5,261.33855
41.25,0.5,261.28854
41.25,0.5,261.23855
41.25,0.5,261.18855
41.25,0.5,261.13855
41.25,0.5,261.08855
41.25,0.5,261.03854
41.25,0.5,260.98855
41.25,0.5,260.93855
41.25,0.5,260.88855
41.25,0.5,260.83855
41.25,0.5,260.78854
41.25,0.5,260.73855
41.25,0.5,260.68855
41.25,0.5,260.63855
41.25,0.5,260.58855
41.25,0.5,260.53854
41.25,0.5,260.48855
41.25,0.5,260.43855
41.25,0.5,260.38855
41.25,0.5,260.33855
41.25,0.5,260.28854
41.25,0.5,260.23855
41.25,0.5,260.18855
41.25,0.5,260.13855
41.25,0.5,260.08855
41.25,0.5,260.03854
41.25,0.5,259.98855
41.25,0.5,259.93855
41.25,0.5,259.88855
41.25,0.5,259.83855
41.25,0.5,259.78854
41.25,0.5,259.73855
41.25,0.5,259.68855
41.25,0.5,259.63855
41.25,0.5,259.58855
41.25,0.5,259.53854
41.25,0.5,259.48855
41.25,0.5,259.43855
41.25,0.5,259.38855
41.25,0.5,259.33855
41.25,0.5,259.28854
41.25,0.5,259.23855
41.25,0.5,259.18855
41.25,0.5,259.13855
41.25,0.5,259.08855
41.25,0.5,259.03854
41.25,0.5,258.98855
41.25,0.5,258.93855
41.25,0.5,258.76355
41.25,0.5,258.21355
41.25,0.5,257.16354
41.75,0.5,261.39072
41.75,0.5,261.34072
41.75,0.5,261.29073
41.75,0.5,261.24072
41.75,0.5,261.19072
41.75,0.5,261.14072
41.75,0.5,261.09072
41.75,0.5,261.04073
41.75,0.5,260.99072
41.75,0.5,260.94072
41.75,0.5,260.89072
41.75,0.5,260.84072
41.75,0.5,260.79073
41.75,0.5,260.74072
41.75,0.5,260.69072
41.75,0.5,260.64072
41.75,0.5,260.59072
41.75,0.5,260.54073
41.75,0.5,260.49072
41.75,0.5,260.44072
41.75,0.5,260.39072
41.75,0.5,260.34072
41.75,0.5,260.29073
41.75,0.5,260.24072
41.75,0.5,260.19072
41.75,0.5,260.14072
41.75,0.5,260.09072
41.75,0.5,260.04073
41.75,0.5,259.99072
41.75,0.5,259.94072
41.75,0.5,259.89072
41.75,0.5,259.84072
41.75,0.5,259.79073
41.75,0.5,259.74072
41.75,0.5,259.69072
41.75,0.5,259.64072
41.75,0.5,259.59072
41.75,0.5,259.54073
41.75,0.5,259.49072
41.75,0.5,259.44072
41.75,0.5,259.39072
41.75,0.5,259.34072
41.75,0.5,259.29073
41.75,0.5,259.24072
41.75,0.5,259.19072
41.75,0.5,259.14072
41.75,0.5,259.09072
41.75,0.5,259.04073
41.75,0.5,258.99072
41.75,0.5,258.94072
41.75,0.5,258.76572
41.75,0.5,258.21572
41.75,0.5,257.16573
42.25,0.5,261.39155
42.25,0.5,261.34155
42.25,0.5,261.29155
42.25,0.5,261.24155
42.25,0.5,261.19155
42.25,0.5,261.14155
42.25,0.5,261.09155
42.25,0.5,261.04155
42.25,0.5,260.99155
42.25,0.5,260.94155
42.25,0.5,260.89155
42.25,0.5,260.84155
42.25,0.5,260.79155
42.25,0.5,260.74155
42.25,0.5,260.69155
42.25,0.5,260.64155
42.25,0.5,260.59155
42.25,0.5,260.54155
42.25,0.5,260.49155
42.25,0.5,260.44155
42.25,0.5,260.39155
42.25,0.5,260.34155
42.25,0.5,260.29155
42.25,0.5,260.24155
42.25,0.5,260.19155
42.25,0.5,260.14155
42.25,0.5,260.09155
42.25,0.5,260.04155
42.25,0.5,259.99155
42.25,0.5,259.94155
42.25,0.5,259.89155
42.25,0.5,259.84155
42.25,0.5,259.79155
42.25,0.5,259.74155
42.25,0.5,259.69155
42.25,0.5,259.64155
42.25,0.5,259.59155
42.25,0.5,259.54155
42.25,0.5,259.49155
42.25,0.5,259.44155
42.25,0.5,259.39155
42.25,0.5,259.34155
42.25,0.5,259.29155
42.25,0.5,259.24155
42.25,0.5,259.19155
42.25,0.5,259.14155
42.25,0.5,259.09155
42.25,0.5,259.04155
42.25,0.5,258.99155
42.25,0.5,258.94155
42.25,0.5,258.76655
42.25,0.5,258.21655
42.25,0.5,257.16655
42.75,0.5,261.39101
42.75,0.5,261.34101
42.75,0.5,261.29101
42.75,0.5,261.24101
42.75,0.5,261.19101
42.75,0.5,261.14101
42.75,0.5,261.09101
42.75,0.5,261.04101
42.75,0.5,260.99101
42.75,0.5,260.94101
42.75,0.5,260.89101
42.75,0.5,260.84101
42.75,0.5,260.79101
42.75,0.5,260.74101
42.75,0.5,260.69101
42.75,0.5,260.64101
42.75,0.5,260.59101
42.75,0.5,260.54101
42.75,0.5,260.49101
42.75,0.5,260.44101
42.75,0.5,260.39101
42.75,0.5,260.34101
42.75,0.5,260.29101
42.75,0.5,260.24101
42.75,0.5,260.19101
42.75,0.5,260.14101
42.75,0.5,260.09101
42.75,0.5,260.04101
42.75,0.5,259.99101
42.75,0.5,259.94101
42.75,0.5,259.89101
42.75,0.5,259.84101
42.75,0.5,259.79101
42.75,0.5,259.74101
42.75,0.5,259.69101
42.75,0.5,259.64101
42.75,0.5,259.59101
42.75,0.5,259.54101
42.75,0.5,259.49101
42.75,0.5,259.44101
42.75,0.5,259.39101
42.75,0.5,259.34101
42.75,0.5,259.29101
42.75,0.5,259.24101
42.75,0.5,259.19101
42.75,0.5,259.14101
42.75,0.5,259.09101
42.75,0.5,259.04101
42.75,0.5,258.99101
42.75,0.5,258.94101
42.75,0.5,258.76601
42.75,0.5,258.21601
42.75,0.5,257.16601
43.25,0.5,255.61389
43.25,0.5,253.5639
43.25,0.5,251.01389
43.25,0.5,247.96389
43.25,0.5,244.41389
43.75,0.5,255.61037
43.75,0.5,253.56037
43.75,0.5,251.01037
43.75,0.5,247.96037
43.75,0.5,244.41036
44.25,0.5,255.60814
44.25,0.5,253.55814
44.25,0.5,251.00814
44.25,0.5,247.95814
44.25,0.5,244.40814
44.75,0.5,255.60722
44.75,0.5,253.55722
44.75,0.5,251.00723
44.75,0.5,247.95723
44.75,0.5,244.40723
45.25,0.5,255.6077
45.25,0.5,253.55771
45.25,0.5,251.00771
45.25,0.5,247.95771
45.25,0.5,244.40771
43.25,0.5,261.38889
43.25,0.5,261.3389
43.25,0.5,261.28889
43.25,0.5,261.23889
43.25,0.5,261.18889
43.25,0.5,261.13889
43.25,0.5,261.0889
43.25,0.5,261.03889
43.25,0.5,260.98889
43.25,0.5,260.93889
43.25,0.5,260.88889
43.25,0.5,260.8389
43.25,0.5,260.78889
43.25,0.5,260.73889
43.25,0.5,260.68889
43.25,0.5,260.63889
43.25,0.5,260.5889
43.25,0.5,260.53889
43.25,0.5,260.48889
43.25,0.5,260.43889
43.25,0.5,260.38889
43.25,0.5,260.3389
43.25,0.5,260.28889
43.25,0.5,260.23889
43.25,0.5,260.18889
43.25,0.5,260.13889
43.25,0.5,260.0889
43.25,0.5,260.03889
43.25,0.5,259.98889
43.25,0.5,259.93889
43.25,0.5,259.88889
43.25,0.5,259.8389
43.25,0.5,259.78889
43.25,0.5,259.73889
43.25,0.5,259.68889
43.25,0.5,259.63889
43.25,0.5,259.5889
43.25,0.5,259.53889
43.25,0.5,259.48889
43.25,0.5,259.43889
43.25,0.5,259.38889
43.25,0.5,259.3389
43.25,0.5,259.28889
43.25,0.5,259.23889
43.25,0.5,259.18889
43.25,0.5,259.13889
43.25,0.5,259.0889
43.25,0.5,259.03889
43.25,0.5,258.98889
43.25,0.5,258.93889
43.25,0.5,258.76389
43.25,0.5,258.2139
43.25,0.5,257.16389
43.75,0.5,261.38536
43.75,0.5,261.33537
43.75,0.5,261.28537
43.75,0.5,261.23537
43.75,0.5,261.18536
43.75,0.5,261.13536
43.75,0.5,261.08537
43.75,0.5,261.03537
43.75,0.5,260.98537
43.75,0.5,260.93536
43.75,0.5,260.88536
43.75,0.5,260.83537
43.75,0.5,260.78537
43.75,0.5,260.73537
43.75,0.5,260.68536
43.75,0.5,260.63536
43.75,0.5,260.58537
43.75,0.5,260.53537
43.75,0.5,260.48537
43.75,0.5,260.43536
43.75,0.5,260.38536
43.75,0.5,260.33537
43.75,0.5,260.28537
43.75,0.5,260.23537
43.75,0.5,260.18536
43.75,0.5,260.13536
43.75,0.5,260.08537
43.75,0.5,260.03537
43.75,0.5,259.98537
43.75,0.5,259.93536
43.75,0.5,259.88536
43.75,0.5,259.83537
43.75,0.5,259.78537
43.75,0.5,259.73537
43.75,0.5,259.68536
43.75,0.5,259.63536
43.75,0.5,259.58537
43.75,0.5,259.53537
43.75,0.5,259.48537
43.75,0.5,259.43536
43.75,0.5,259.38536
43.75,0.5,259.33537
43.75,0.5,259.28537
43.75,0.5,259.23537
43.75,0.5,259.18536
43.75,0.5,259.13536
43.75,0.5,259.08537
43.75,0.5,259.03537
43.75,0.5,258.98537
43.75,0.5,258.93536
43.75,0.5,258.76036
43.75,0.5,258.21037
43.75,0.5,257.16037
44.25,0.5,261.38314
44.25,0.5,261.33315
44.25,0.5,261.28314
44.25,0.5,261.23314
44.25,0.5,261.18314
44.25,0.5,261.13314
44.25,0.5,261.08315
44.25,0.5,261.03314
44.25,0.5,260.98314
44.25,0.5,260.93314
44.25,0.5,260.88314
44.25,0.5,260.83315
44.25,0.5,260.78314
44.25,0.5,260.73314
44.25,0.5,260.68314
44.25,0.5,260.63314
44.25,0.5,260.58315
44.25,0.5,260.53314
44.25,0.5,260.48314
44.25,0.5,260.43314
44.25,0.5,260.38314
44.25,0.5,260.33315
44.25,0.5,260.28314
44.25,0.5,260.23314
44.25,0.5,260.18314
44.25,0.5,260.13314
44.25,0.5,260.08315
44.25,0.5,260.03314
44.25,0.5,259.98314
44.25,0.5,259.93314
44.25,0.5,259.88314
44.25,0.5,259.83315
44.25,0.5,259.78314
44.25,0.5,259.73314
44.25,0.5,259.68314
44.25,0.5,259.63314
44.25,0.5,259.58315
44.25,0.5,259.53314
44.25,0.5,259.48314
44.25,0.5,259.43314
44.25,0.5,259.38314
44.25,0.5,259.33315
44.25,0.5,259.28314
44.25,0.5,259.23314
44.25,0.5,259.18314
44.25,0.5,259.13314
44.25,0.5,259.08315
44.25,0.5,259.03314
44.25,0.5,258.98314
44.25,0.5,258.93314
44.25,0.5,258.75814
44.25,0.5,258.20815
44.25,0.5,257.15814
44.75,0.5,261.38223
44.75,0.5,261.33222
44.75,0.5,261.28222
44.75,0.5,261.23222
44.75,0.5,261.18223
44.75,0.5,261.13223
44.75,0.5,261.08222
44.75,0.5,261.03222
44.75,0.5,260.98222
44.75,0.5,260.93223
44.75,0.5,260.88223
44.75,0.5,260.83222
44.75,0.5,260.78222
44.75,0.5,260.73222
44.75,0.5,260.68223
44.75,0.5,260.63223
44.75,0.5,260.58222
44.75,0.5,260.53222
44.75,0.5,260.48222
44.75,0.5,260.43223
44.75,0.5,260.38223
44.75,0.5,260.33222
44.75,0.5,260.28222
44.75,0.5,260.23222
44.75,0.5,260.18223
44.75,0.5,260.13223
44.75,0.5,260.08222
44.75,0.5,260.03222
44.75,0.5,259.98222
44.75,0.5,259.93223
44.75,0.5,259.88223
44.75,0.5,259.83222
44.75,0.5,259.78222
44.75,0.5,259.73222
44.75,0.5,259.68223
44.75,0.5,259.63223
44.75,0.5,259.58222
44.75,0.5,259.53222
44.75,0.5,259.48222
44.75,0.5,259.43223
44.75,0.5,259.38223
44.75,0.5,259.33222
44.75,0.5,259.28222
44.75,0.5,259.23222
44.75,0.5,259.18223
44.75,0.5,259.13223
44.75,0.5,259.08222
44.75,0.5,259.03222
44.75,0.5,258.98222
44.75,0.5,258.93223
44.75,0.5,258.75723
44.75,0.5,258.20722
44.75,0.5,257.15722
45.25,0.5,261.38271
45.25,0.5,261.33271
45.25,0.5,261.28271
45.25,0.5,261.23271
45.25,0.5,261.18271
45.25,0.5,261.13271
45.25,0.5,261.08271
45.25,0.5,261.03271
45.25,0.5,260.98271
45.25,0.5,260.93271
45.25,0.5,260.88271
45.25,0.5,260.83271
45.25,0.5,260.78271
45.25,0.5,260.73271
45.25,0.5,260.68271
45.25,0.5,260.63271
45.25,0.5,260.58271
45.25,0.5,260.53271
45.25,0.5,260.48271
45.25,0.5,260.43271
45.25,0.5,260.38271
45.25,0.5,260.33271
45.25,0.5,260.28271
45.25,0.5,260.23271
45.25,0.5,260.18271
45.25,0.5,260.13271
45.25,0.5,260.08271
45.25,0.5,260.03271
45.25,0.5,259.98271
45.25,0.5,259.93271
45.25,0.5,259.88271
45.25,0.5,259.83271
45.25,0.5,259.78271
45.25,0.5,259.73271
45.25,0.5,259.68271
45.25,0.5,259.63271
45.25,0.5,259.58271
45.25,0.5,259.53271
45.25,0.5,259.48271
45.25,0.5,259.43271
45.25,0.5,259.38271
45.25,0.5,259.33271
45.25,0.5,259.28271
45.25,0.5,259.23271
45.25,0.5,259.18271
45.25,0.5,259.13271
45.25,0.5,259.08271
45.25,0.5,259.03271
45.25,0.5,258.98271
45.25,0.5,258.93271
45.25,0.5,258.75771
45.25,0.5,258.20771
45.25,0.5,257.15771
45.75,0.5,255.60955
45.75,0.5,253.55956
45.75,0.5,251.00956
45.75,0.5,247.95956
45.75,0.5,244.40956
46.25,0.5,255.61221
46.25,0.5,253.56221
46.25,0.5,251.01221
46.25,0.5,247.9622
46.25,0.5,244.41221
46.75,0.5,255.61561
46.75,0.5,253.56561
46.75,0.5,251.0156
46.75,0.5,247.9656
46.75,0.5,244.4156
47.25,0.5,255.61887
47.25,0.5,253.56887
47.25,0.5,251.01888
47.25,0.5,247.96887
47.25,0.5,244.41887
45.75,0.5,261.38456
45.75,0.5,261.33456
45.75,0.5,261.28456
45.75,0.5,261.23456
45.75,0.5,261.18456
45.75,0.5,261.13456
45.75,0.5,261.08456
45.75,0.5,261.03456
45.75,0.5,260.98456
45.75,0.5,260.93456
45.75,0.5,260.88456
45.75,0.5,260.83456
45.75,0.5,260.78456
45.75,0.5,260.73456
45.75,0.5,260.68456
45.75,0.5,260.63456
45.75,0.5,260.58456
45.75,0.5,260.53456
45.75,0.5,260.48456
45.75,0.5,260.43456
45.75,0.5,260.38456
45.75,0.5,260.33456
45.75,0.5,260.28456
45.75,0.5,260.23456
45.75,0.5,260.18456
45.75,0.5,260.13456
45.75,0.5,260.08456
45.75,0.5,260.03456
45.75,0.5,259.98456
45.75,0.5,259.93456
45.75,0.5,259.88456
45.75,0.5,259.83456
45.75,0.5,259.78456
45.75,0.5,259.73456
45.75,0.5,259.68456
45.75,0.5,259.63456
45.75,0.5,259.58456
45.75,0.5,259.53456
45.75,0.5,259.48456
45.75,0.5,259.43456
45.75,0.5,259.38456
45.75,0.5,259.33456
45.75,0.5,259.28456
45.75,0.5,259.23456
45.75,0.5,259.18456
45.75,0.5,259.13456
45.75,0.5,259.08456
45.75,0.5,259.03456
45.75,0.5,258.98456
45.75,0.5,258.93456
45.75,0.5,258.75956
45.75,0.5,258.20956
45.75,0.5,257.15956
46.25,0.5,261.38721
46.25,0.5,261.33721
46.25,0.5,261.28721
46.25,0.5,261.23721
46.25,0.5,261.18721
46.25,0.5,261.13721
46.25,0.5,261.08721
46.25,0.5,261.03721
46.25,0.5,260.98721
46.25,0.5,260.93721
46.25,0.5,260.88721
46.25,0.5,260.83721
46.25,0.5,260.78721
46.25,0.5,260.73721
46.25,0.5,260.68721
46.25,0.5,260.63721
46.25,0.5,260.58721
46.25,0.5,260.53721
46.25,0.5,260.48721
46.25,0.5,260.43721
46.25,0.5,260.38721
46.25,0.5,260.33721
46.25,0.5,260.28721
46.25,0.5,260.23721
46.25,0.5,260.18721
46.25,0.5,260.13721
46.25,0.5,260.08721
46.25,0.5,260.03721
46.25,0.5,259.98721
46.25,0.5,259.93721
46.25,0.5,259.88721
46.25,0.5,259.83721
46.25,0.5,259.78721
46.25,0.5,259.73721
46.25,0.5,259.68721
46.25,0.5,259.63721
46.25,0.5,259.58721
46.25,0.5,259.53721
46.25,0.5,259.48721
46.25,0.5,259.43721
46.25,0.5,259.38721
46.25,0.5,259.33721
46.25,0.5,259.28721
46.25,0.5,259.23721
46.25,0.5,259.18721
46.25,0.5,259.13721
46.25,0.5,259.08721
46.25,0.5,259.03721
46.25,0.5,258.98721
46.25,0.5,258.93721
46.25,0.5,258.76221
46.25,0.5,258.21221
46.25,0.5,257.16221
46.75,0.5,261.39061
46.75,0.5,261.34061
46.75,0.5,261.2906
46.75,0.5,261.2406
46.75,0.5,261.1906
46.75,0.5,261.14061
46.75,0.5,261.09061
46.75,0.5,261.0406
46.75,0.5,260.9906
46.75,0.5,260.9406
46.75,0.5,260.89061
46.75,0.5,260.84061
46.75,0.5,260.7906
46.75,0.5,260.7406
46.75,0.5,260.6906
46.75,0.5,260.64061
46.75,0.5,260.59061
46.75,0.5,260.5406
46.75,0.5,260.4906
46.75,0.5,260.4406
46.75,0.5,260.39061
46.75,0.5,260.34061
46.75,0.5,260.2906
46.75,0.5,260.2406
46.75,0.5,260.1906
46.75,0.5,260.14061
46.75,0.5,260.09061
46.75,0.5,260.0406
46.75,0.5,259.9906
46.75,0.5,259.9406
46.75,0.5,259.89061
46.75,0.5,259.84061
46.75,0.5,259.7906
46.75,0.5,259.7406
46.75,0.5,259.6906
46.75,0.5,259.64061
46.75,0.5,259.59061
46.75,0.5,259.5406
46.75,0.5,259.4906
46.75,0.5,259.4406
46.75,0.5,259.39061
46.75,0.5,259.34061
46.75,0.5,259.2906
46.75,0.5,259.2406
46.75,0.5,259.1906
46.75,0.5,259.14061
46.75,0.5,259.09061
46.75,0.5,259.0406
46.75,0.5,258.9906
46.75,0.5,258.9406
46.75,0.5,258.76561
46.75,0.5,258.21561
46.75,0.5,257.1656
47.25,0.5,261.39388
47.25,0.5,261.34387
47.25,0.5,261.29387
47.25,0.5,261.24387
47.25,0.5,261.19387
47.25,0.5,261.14388
47.25,0.5,261.09387
47.25,0.5,261.04387
47.25,0.5,260.99387
47.25,0.5,260.94387
47.25,0.5,260.89388
47.25,0.5,260.84387
47.25,0.5,260.79387
47.25,0.5,260.74387
47.25,0.5,260.69387
47.25,0.5,260.64388
47.25,0.5,260.59387
47.25,0.5,260.54387
47.25,0.5,260.49387
47.25,0.5,260.44387
47.25,0.5,260.39388
47.25,0.5,260.34387
47.25,0.5,260.29387
47.25,0.5,260.24387
47.25,0.5,260.19387
47.25,0.5,260.14388
47.25,0.5,260.09387
47.25,0.5,260.04387
47.25,0.5,259.99387
47.25,0.5,259.94387
47.25,0.5,259.89388
47.25,0.5,259.84387
47.25,0.5,259.79387
47.25,0.5,259.74387
47.25,0.5,259.69387
47.25,0.5,259.64388
47.25,0.5,259.59387
47.25,0.5,259.54387
47.25,0.5,259.49387
47.25,0.5,259.44387
47.25,0.5,259.39388
47.25,0.5,259.34387
47.25,0.5,259.29387
47.25,0.5,259.24387
47.25,0.5,259.19387
47.25,0.5,259.14388
47.25,0.5,259.09387
47.25,0.5,259.04387
47.25,0.5,258.99387
47.25,0.5,258.94387
47.25,0.5,258.76888
47.25,0.5,258.21887
47.25,0.5,257.16887
47.75,0.5,255.62183
47.75,0.5,253.57183
47.75,0.5,251.02184
47.75,0.5,247.97183
47.75,0.5,244.42183
48.25,0.5,255.62179
48.25,0.5,253.57179
48.25,0.5,251.02179
48.25,0.5,247.97179
48.25,0.5,244.42179
48.75,0.5,255.61892
48.75,0.5,253.56892
48.75,0.5,251.01892
48.75,0.5,247.96892
48.75,0.5,244.41892
49.25,0.5,255.61581
49.25,0.5,253.5658
49.25,0.5,251.0158
49.25,0.5,247.96581
49.25,0.5,244.41581
47.75,0.5,261.39684
47.75,0.5,261.34683
47.75,0.5,261.29683
47.75,0.5,261.24683
47.75,0.5,261.19683
47.75,0.5,261.14684
47.75,0.5,261.09683
47.75,0.5,261.04683
47.75,0.5,260.99683
47.75,0.5,260.94683
47.75,0.5,260.89684
47.75,0.5,260.84683
47.75,0.5,260.79683
47.75,0.5,260.74683
47.75,0.5,260.69683
47.75,0.5,260.64684
47.75,0.5,260.59683
47.75,0.5,260.54683
47.75,0.5,260.49683
47.75,0.5,260.44683
47.75,0.5,260.39684
47.75,0.5,260.34683
47.75,0.5,260.29683
47.75,0.5,260.24683
47.75,0.5,260.19683
47.75,0.5,260.14684
47.75,0.5,260.09683
47.75,0.5,260.04683
47.75,0.5,259.99683
47.75,0.5,259.94683
47.75,0.5,259.89684
47.75,0.5,259.84683
47.75,0.5,259.79683
47.75,0.5,259.74683
47.75,0.5,259.69683
47.75,0.5,259.64684
47.75,0.5,259.59683
47.75,0.5,259.54683
47.75,0.5,259.49683
47.75,0.5,259.44683
47.75,0.5,259.39684
47.75,0.5,259.34683
47.75,0.5,259.29683
47.75,0.5,259.24683
47.75,0.5,259.19683
47.75,0.5,259.14684
47.75,0.5,259.09683
47.75,0.5,259.04683
47.75,0.5,258.99683
47.75,0.5,258.94683
47.75,0.5,258.77184
47.75,0.5,258.22183
47.75,0.5,257.17183
48.25,0.5,261.3968
48.25,0.5,261.34679
48.25,0.5,261.29679
48.25,0.5,261.24679
48.25,0.5,261.19679
48.25,0.5,261.1468
48.25,0.5,261.09679
48.25,0.5,261.04679
48.25,0.5,260.99679
48.25,0.5,260.94679
48.25,0.5,260.8968
48.25,0.5,260.84679
48.25,0.5,260.79679
48.25,0.5,260.74679
48.25,0.5,260.69679
48.25,0.5,260.6468
48.25,0.5,260.59679
48.25,0.5,260.54679
48.25,0.5,260.49679
48.25,0.5,260.44679
48.25,0.5,260.3968
48.25,0.5,260.34679
48.25,0.5,260.29679
48.25,0.5,260.24679
48.25,0.5,260.19679
48.25,0.5,260.1468
48.25,0.5,260.09679
48.25,0.5,260.04679
48.25,0.5,259.99679
48.25,0.5,259.94679
48.25,0.5,259.8968
48.25,0.5,259.84679
48.25,0.5,259.79679
48.25,0.5,259.74679
48.25,0.5,259.69679
48.25,0.5,259.6468
48.25,0.5,259.59679
48.25,0.5,259.54679
48.25,0.5,259.49679
48.25,0.5,259.44679
48.25,0.5,259.3968
48.25,0.5,259.34679
48.25,0.5,259.29679
48.25,0.5,259.24679
48.25,0.5,259.19679
48.25,0.5,259.1468
48.25,0.5,259.09679
48.25,0.5,259.04679
48.25,0.5,258.99679
48.25,0.5,258.94679
48.25,0.5,258.7718
48.25,0.5,258.22179
48.25,0.5,257.17179
48.75,0.5,261.39393
48.75,0.5,261.34393
48.75,0.5,261.29392
48.75,0.5,261.24392
48.75,0.5,261.19392
48.75,0.5,261.14393
48.75,0.5,261.09393
48.75,0.5,261.04392
48.75,0.5,260.99392
48.75,0.5,260.94392
48.75,0.5,260.89393
48.75,0.5,260.84393
48.75,0.5,260.79392
48.75,0.5,260.74392
48.75,0.5,260.69392
48.75,0.5,260.64393
48.75,0.5,260.59393
48.75,0.5,260.54392
48.75,0.5,260.49392
48.75,0.5,260.44392
48.75,0.5,260.39393
48.75,0.5,260.34393
48.75,0.5,260.29392
48.75,0.5,260.24392
48.75,0.5,260.19392
48.75,0.5,260.14393
48.75,0.5,260.09393
48.75,0.5,260.04392
48.75,0.5,259.99392
48.75,0.5,259.94392
48.75,0.5,259.89393
48.75,0.5,259.84393
48.75,0.5,259.79392
48.75,0.5,259.74392
48.75,0.5,259.69392
48.75,0.5,259.64393
48.75,0.5,259.59393
48.75,0.5,259.54392
48.75,0.5,259.49392
48.75,0.5,259.44392
48.75,0.5,259.39393
48.75,0.5,259.34393
48.75,0.5,259.29392
48.75,0.5,259.24392
48.75,0.5,259.19392
48.75,0.5,259.14393
48.75,0.5,259.09393
48.75,0.5,259.04392
48.75,0.5,258.99392
48.75,0.5,258.94392
48.75,0.5,258.76893
48.75,0.5,258.21893
48.75,0.5,257.16892
49.25,0.5,261.39081
49.25,0.5,261.34081
49.25,0.5,261.2908
49.25,0.5,261.24081
49.25,0.5,261.1908
49.25,0.5,261.14081
49.25,0.5,261.09081
49.25,0.5,261.0408
49.25,0.5,260.99081
49.25,0.5,260.9408
49.25,0.5,260.89081
49.25,0.5,260.84081
49.25,0.5,260.7908
49.25,0.5,260.74081
49.25,0.5,260.6908
49.25,0.5,260.64081
49.25,0.5,260.59081
49.25,0.5,260.5408
49.25,0.5,260.49081
49.25,0.5,260.4408
49.25,0.5,260.39081
49.25,0.5,260.34081
49.25,0.5,260.2908
49.25,0.5,260.24081
49.25,0.5,260.1908
49.25,0.5,260.14081
49.25,0.5,260.09081
49.25,0.5,260.0408
49.25,0.5,259.99081
49.25,0.5,259.9408
49.25,0.5,259.89081
49.25,0.5,259.84081
49.25,0.5,259.7908
49.25,0.5,259.74081
49.25,0.5,259.6908
49.25,0.5,259.64081
49.25,0.5,259.59081
49.25,0.5,259.5408
49.25,0.5,259.49081
49.25,0.5,259.4408
49.25,0.5,259.39081
49.25,0.5,259.34081
49.25,0.5,259.2908
49.25,0.5,259.24081
49.25,0.5,259.1908
49.25,0.5,259.14081
49.25,0.5,259.09081
49.25,0.5,259.0408
49.25,0.5,258.99081
49.25,0.5,258.9408
49.25,0.5,258.76581
49.25,0.5,258.21581
49.25,0.5,257.1658
49.75,0.5,255.61242
49.75,0.5,253.56241
49.75,0.5,251.01241
49.75,0.5,247.96242
49.75,0.5,244.41241
50.25,0.5,255.60842
50.25,0.5,253.55842
50.25,0.5,251.00842
50.25,0.5,247.95842
50.25,0.5,244.40842
50.75,0.5,255.60398
50.75,0.5,253.55399
50.75,0.5,251.00399
50.75,0.5,247.95399
50.75,0.5,244.40399
51.25,0.5,255.60136
51.25,0.5,253.55136
51.25,0.5,251.00136
51.25,0.5,247.95136
51.25,0.5,244.40136
49.75,0.5,261.38741
49.75,0.5,261.33741
49.75,0.5,261.28741
49.75,0.5,261.23742
49.75,0.5,261.18742
49.75,0.5,261.13741
49.75,0.5,261.08741
49.75,0.5,261.03741
49.75,0.5,260.98742
49.75,0.5,260.93742
49.75,0.5,260.88741
49.75,0.5,260.83741
49.75,0.5,260.78741
49.75,0.5,260.73742
49.75,0.5,260.68742
49.75,0.5,260.63741
49.75,0.5,260.58741
49.75,0.5,260.53741
49.75,0.5,260.48742
49.75,0.5,260.43742
49.75,0.5,260.38741
49.75,0.5,260.33741
49.75,0.5,260.28741
49.75,0.5,260.23742
49.75,0.5,260.18742
49.75,0.5,260.13741
49.75,0.5,260.08741
49.75,0.5,260.03741
49.75,0.5,259.98742
49.75,0.5,259.93742
49.75,0.5,259.88741
49.75,0.5,259.83741
49.75,0.5,259.78741
49.75,0.5,259.73742
49.75,0.5,259.68742
49.75,0.5,259.63741
49.75,0.5,259.58741
49.75,0.5,259.53741
49.75,0.5,259.48742
49.75,0.5,259.43742
49.75,0.5,259.38741
49.75,0.5,259.33741
49.75,0.5,259.28741
49.75,0.5,259.23742
49.75,0.5,259.18742
49.75,0.5,259.13741
49.75,0.5,259.08741
49.75,0.5,259.03741
49.75,0.5,258.98742
49.75,0.5,258.93742
49.75,0.5,258.76241
49.75,0.5,258.21241
49.75,0.5,257.16241
50.25,0.5,261.38342
50.25,0.5,261.33342
50.25,0.5,261.28342
50.25,0.5,261.23342
50.25,0.5,261.18343
50.25,0.5,261.13342
50.25,0.5,261.08342
50.25,0.5,261.03342
50.25,0.5,260.98342
50.25,0.5,260.93343
50.25,0.5,260.88342
50.25,0.5,260.83342
50.25,0.5,260.78342
50.25,0.5,260.73342
50.25,0.5,260.68343
50.25,0.5,260.63342
50.25,0.5,260.58342
50.25,0.5,260.53342
50.25,0.5,260.48342
50.25,0.5,260.43343
50.25,0.5,260.38342
50.25,0.5,260.33342
50.25,0.5,260.28342
50.25,0.5,260.23342
50.25,0.5,260.18343
50.25,0.5,260.13342
50.25,0.5,260.08342
50.25,0.5,260.03342
50.25,0.5,259.98342
50.25,0.5,259.93343
50.25,0.5,259.88342
50.25,0.5,259.83342
50.25,0.5,259.78342
50.25,0.5,259.73342
50.25,0.5,259.68343
50.25,0.5,259.63342
50.25,0.5,259.58342
50.25,0.5,259.53342
50.25,0.5,259.48342
50.25,0.5,259.43343
50.25,0.5,259.38342
50.25,0.5,259.33342
50.25,0.5,259.28342
50.25,0.5,259.23342
50.25,0.5,259.18343
50.25,0.5,259.13342
50.25,0.5,259.08342
50.25,0.5,259.03342
50.25,0.5,258.98342
50.25,0.5,258.93343
50.25,0.5,258.75842
50.25,0.5,258.20842
50.25,0.5,257.15842
50.75,0.5,261.37899
50.75,0.5,261.32899
50.75,0.5,261.27899
50.75,0.5,261.22899
50.75,0.5,261.17899
50.75,0.5,261.12899
50.75,0.5,261.07899
50.75,0.5,261.02899
50.75,0.5,260.97899
50.75,0.5,260.92899
50.75,0.5,260.87899
50.75,0.5,260.82899
50.75,0.5,260.77899
50.75,0.5,260.72899
50.75,0.5,260.67899
50.75,0.5,260.62899
50.75,0.5,260.57899
50.75,0.5,260.52899
50.75,0.5,260.47899
50.75,0.5,260.42899
50.75,0.5,260.37899
50.75,0.5,260.32899
50.75,0.5,260.27899
50.75,0.5,260.22899
50.75,0.5,260.17899
50.75,0.5,260.12899
50.75,0.5,260.07899
50.75,0.5,260.02899
50.75,0.5,259.97899
50.75,0.5,259.92899
50.75,0.5,259.87899
50.75,0.5,259.82899
50.75,0.5,259.77899
50.75,0.5,259.72899
50.75,0.5,259.67899
50.75,0.5,259.62899
50.75,0.5,259.57899
50.75,0.5,259.52899
50.75,0.5,259.47899
50.75,0.5,259.42899
50.75,0.5,259.37899
50.75,0.5,259.32899
50.75,0.5,259.27899
50.75,0.5,259.22899
50.75,0.5,259.17899
50.75,0.5,259.12899
50.75,0.5,259.07899
50.75,0.5,259.02899
50.75,0.5,258.97899
50.75,0.5,258.92899
50.75,0.5,258.75399
50.75,0.5,258.20399
50.75,0.5,257.15399
51.25,0.5,261.37636
51.25,0.5,261.32636
51.25,0.5,261.27636
51.25,0.5,261.22636
51.25,0.5,261.17636
51.25,0.5,261.12636
51.25,0.5,261.07636
51.25,0.5,261.02636
51.25,0.5,260.97636
51.25,0.5,260.92636
51.25,0.5,260.87636
51.25,0.5,260.82636
51.25,0.5,260.77636
51.25,0.5,260.72636
51.25,0.5,260.67636
51.25,0.5,260.62636
51.25,0.5,260.57636
51.25,0.5,260.52636
51.25,0.5,260.47636
51.25,0.5,260.42636
51.25,0.5,260.37636
51.25,0.5,260.32636
51.25,0.5,260.27636
51.25,0.5,260.22636
51.25,0.5,260.17636
51.25,0.5,260.12636
51.25,0.5,260.07636
51.25,0.5,260.02636
51.25,0.5,259.97636
51.25,0.5,259.92636
51.25,0.5,259.87636
51.25,0.5,259.82636
51.25,0.5,259.77636
51.25,0.5,259.72636
51.25,0.5,259.67636
51.25,0.5,259.62636
51.25,0.5,259.57636
51.25,0.5,259.52636
51.25,0.5,259.47636
51.25,0.5,259.42636
51.25,0.5,259.37636
51.25,0.5,259.32636
51.25,0.5,259.27636
51.25,0.5,259.22636
51.25,0.5,259.17636
51.25,0.5,259.12636
51.25,0.5,259.07636
51.25,0.5,259.02636
51.25,0.5,258.97636
51.25,0.5,258.92636
51.25,0.5,258.75136
51.25,0.5,258.20136
51.25,0.5,257.15136
51.75,0.5,255.60062
51.75,0.5,253.55062
51.75,0.5,251.00062
51.75,0.5,247.95062
51.75,0.5,244.40062
52.25,0.5,255.60291
52.25,0.5,253.55291
52.25,0.5,251.00291
52.25,0.5,247.9529
52.25,0.5,244.4029
52.75,0.5,255.60807
52.75,0.5,253.55807
52.75,0.5,251.00806
52.75,0.5,247.95806
52.75,0.5,244.40807
53.25,0.5,255.61403
53.25,0.5,253.56403
53.25,0.5,251.01402
53.25,0.5,247.96402
53.25,0.5,244.41403
53.75,0.5,255.62042
53.75,0.5,253.57042
53.75,0.5,251.02042
53.75,0.5,247.97042
53.75,0.5,244.42043
51.75,0.5,261.37562
51.75,0.5,261.32561
51.75,0.5,261.27562
51.75,0.5,261.22562
51.75,0.5,261.17562
51.75,0.5,261.12562
51.75,0.5,261.07561
51.75,0.5,261.02562
51.75,0.5,260.97562
51.75,0.5,260.92562
51.75,0.5,260.87562
51.75,0.5,260.82561
51.75,0.5,260.77562
51.75,0.5,260.72562
51.75,0.5,260.67562
51.75,0.5,260.62562
51.75,0.5,260.57561
51.75,0.5,260.52562
51.75,0.5,260.47562
51.75,0.5,260.42562
51.75,0.5,260.37562
51.75,0.5,260.32561
51.75,0.5,260.27562
51.75,0.5,260.22562
51.75,0.5,260.17562
51.75,0.5,260.12562
51.75,0.5,260.07561
51.75,0.5,260.02562
51.75,0.5,259.97562
51.75,0.5,259.92562
51.75,0.5,259.87562
51.75,0.5,259.82561
51.75,0.5,259.77562
51.75,0.5,259.72562
51.75,0.5,259.67562
51.75,0.5,259.62562
51.75,0.5,259.57561
51.75,0.5,259.52562
51.75,0.5,259.47562
51.75,0.5,259.42562
51.75,0.5,259.37562
51.75,0.5,259.32561
51.75,0.5,259.27562
51.75,0.5,259.22562
51.75,0.5,259.17562
51.75,0.5,259.12562
51.75,0.5,259.07561
51.75,0.5,259.02562
51.75,0.5,258.97562
51.75,0.5,258.92562
51.75,0.5,258.75062
51.75,0.5,258.20061
51.75,0.5,257.15062
52.25,0.5,261.37791
52.25,0.5,261.3279
52.25,0.5,261.27791
52.25,0.5,261.22791
52.25,0.5,261.1779
52.25,0.5,261.12791
52.25,0.5,261.0779
52.25,0.5,261.02791
52.25,0.5,260.97791
52.25,0.5,260.9279
52.25,0.5,260.87791
52.25,0.5,260.8279
52.25,0.5,260.77791
52.25,0.5,260.72791
52.25,0.5,260.6779
52.25,0.5,260.62791
52.25,0.5,260.5779
52.25,0.5,260.52791
52.25,0.5,260.47791
52.25,0.5,260.4279
52.25,0.5,260.37791
52.25,0.5,260.3279
52.25,0.5,260.27791
52.25,0.5,260.22791
52.25,0.5,260.1779
52.25,0.5,260.12791
52.25,0.5,260.0779
52.25,0.5,260.02791
52.25,0.5,259.97791
52.25,0.5,259.9279
52.25,0.5,259.87791
52.25,0.5,259.8279
52.25,0.5,259.77791
52.25,0.5,259.72791
52.25,0.5,259.6779
52.25,0.5,259.62791
52.25,0.5,259.5779
52.25,0.5,259.52791
52.25,0.5,259.47791
52.25,0.5,259.4279
52.25,0.5,259.37791
52.25,0.5,259.3279
52.25,0.5,259.27791
52.25,0.5,259.22791
52.25,0.5,259.1779
52.25,0.5,259.12791
52.25,0.5,259.0779
52.25,0.5,259.02791
52.25,0.5,258.97791
52.25,0.5,258.9279
52.25,0.5,258.75291
52.25,0.5,258.2029
52.25,0.5,257.15291
52.75,0.5,261.38307
52.75,0.5,261.33307
52.75,0.5,261.28307
52.75,0.5,261.23306
52.75,0.5,261.18306
52.75,0.5,261.13307
52.75,0.5,261.08307
52.75,0.5,261.03307
52.75,0.5,260.98306
52.75,0.5,260.93306
52.75,0.5,260.88307
52.75,0.5,260.83307
52.75,0.5,260.78307
52.75,0.5,260.73306
52.75,0.5,260.68306
52.75,0.5,260.63307
52.75,0.5,260.58307
52.75,0.5,260.53307
52.75,0.5,260.48306
52.75,0.5,260.43306
52.75,0.5,260.38307
52.75,0.5,260.33307
52.75,0.5,260.28307
52.75,0.5,260.23306
52.75,0.5,260.18306
52.75,0.5,260.13307
52.75,0.5,260.08307
52.75,0.5,260.03307
52.75,0.5,259.98306
52.75,0.5,259.93306
52.75,0.5,259.88307
52.75,0.5,259.83307
52.75,0.5,259.78307
52.75,0.5,259.73306
52.75,0.5,259.68306
52.75,0.5,259.63307
52.75,0.5,259.58307
52.75,0.5,259.53307
52.75,0.5,259.48306
52.75,0.5,259.43306
52.75,0.5,259.38307
52.75,0.5,259.33307
52.75,0.5,259.28307
52.75,0.5,259.23306
52.75,0.5,259.18306
52.75,0.5,259.13307
52.75,0.5,259.08307
52.75,0.5,259.03307
52.75,0.5,258.98306
52.75,0.5,258.93306
52.75,0.5,258.75807
52.75,0.5,258.20807
52.75,0.5,257.15807
53.25,0.5,261.38903
53.25,0.5,261.33903
53.25,0.5,261.28902
53.25,0.5,261.23902
53.25,0.5,261.18903
53.25,0.5,261.13903
53.25,0.5,261.08903
53.25,0.5,261.03902
53.25,0.5,260.98902
53.25,0.5,260.93903
53.25,0.5,260.88903
53.25,0.5,260.83903
53.25,0.5,260.78902
53.25,0.5,260.73902
53.25,0.5,260.68903
53.25,0.5,260.63903
53.25,0.5,260.58903
53.25,0.5,260.53902
53.25,0.5,260.48902
53.25,0.5,260.43903
53.25,0.5,260.38903
53.25,0.5,260.33903
53.25,0.5,260.28902
53.25,0.5,260.23902
53.25,0.5,260.18903
53.25,0.5,260.13903
53.25,0.5,260.08903
53.25,0.5,260.03902
53.25,0.5,259.98902
53.25,0.5,259.93903
53.25,0.5,259.88903
53.25,0.5,259.83903
53.25,0.5,259.78902
53.25,0.5,259.73902
53.25,0.5,259.68903
53.25,0.5,259.63903
53.25,0.5,259.58903
53.25,0.5,259.53902
53.25,0.5,259.48902
53.25,0.5,259.43903
53.25,0.5,259.38903
53.25,0.5,259.33903
53.25,0.5,259.28902
53.25,0.5,259.23902
53.25,0.5,259.18903
53.25,0.5,259.13903
53.25,0.5,259.08903
53.25,0.5,259.03902
53.25,0.5,258.98902
53.25,0.5,258.93903
53.25,0.5,258.76403
53.25,0.5,258.21403
53.25,0.5,257.16402
53.75,0.5,261.39542
53.75,0.5,261.34542
53.75,0.5,261.29542
53.75,0.5,261.24542
53.75,0.5,261.19543
53.75,0.5,261.14542
53.75,0.5,261.09542
53.75,0.5,261.04542
53.75,0.5,260.99542
53.75,0.5,260.94543
53.75,0.5,260.89542
53.75,0.5,260.84542
53.75,0.5,260.79542
53.75,0.5,260.74542
53.75,0.5,260.69543
53.75,0.5,260.64542
53.75,0.5,260.59542
53.75,0.5,260.54542
53.75,0.5,260.49542
53.75,0.5,260.44543
53.75,0.5,260.39542
53.75,0.5,260.34542
53.75,0.5,260.29542
53.75,0.5,260.24542
53.75,0.5,260.19543
53.75,0.5,260.14542
53.75,0.5,260.09542
53.75,0.5,260.04542
53.75,0.5,259.99542
53.75,0.5,259.94543
53.75,0.5,259.89542
53.75,0.5,259.84542
53.75,0.5,259.79542
53.75,0.5,259.74542
53.75,0.5,259.69543
53.75,0.5,259.64542
53.75,0.5,259.59542
53.75,0.5,259.54542
53.75,0.5,259.49542
53.75,0.5,259.44543
53.75,0.5,259.39542
53.75,0.5,259.34542
53.75,0.5,259.29542
53.75,0.5,259.24542
53.75,0.5,259.19543
53.75,0.5,259.14542
53.75,0.5,259.09542
53.75,0.5,259.04542
53.75,0.5,258.99542
53.75,0.5,258.94543
53.75,0.5,258.77042
53.75,0.5,258.22042
53.75,0.5,257.17042
54.25,0.5,255.62254
54.25,0.5,253.57254
54.25,0.5,251.02254
54.25,0.5,247.97254
54.25,0.5,244.42254
54.75,0.5,255.62075
54.75,0.5,253.57076
54.75,0.5,251.02075
54.75,0.5,247.97075
54.75,0.5,244.42075
55.25,0.5,255.61982
55.25,0.5,253.56982
55.25,0.5,251.01981
55.25,0.5,247.96981
55.25,0.5,244.41981
55.75,0.5,255.61996
55.75,0.5,253.56996
55.75,0.5,251.01996
55.75,0.5,247.96996
55.75,0.5,244.41996
56.25,0.5,255.62405
56.25,0.5,253.57406
56.25,0.5,251.02406
56.25,0.5,247.97405
56.25,0.5,244.42405
54.25,0.5,261.39754
54.25,0.5,261.34754
54.25,0.5,261.29754
54.25,0.5,261.24754
54.25,0.5,261.19754
54.25,0.5,261.14754
54.25,0.5,261.09754
54.25,0.5,261.04754
54.25,0.5,260.99754
54.25,0.5,260.94754
54.25,0.5,260.89754
54.25,0.5,260.84754
54.25,0.5,260.79754
54.25,0.5,260.74754
54.25,0.5,260.69754
54.25,0.5,260.64754
54.25,0.5,260.59754
54.25,0.5,260.54754
54.25,0.5,260.49754
54.25,0.5,260.44754
54.25,0.5,260.39754
54.25,0.5,260.34754
54.25,0.5,260.29754
54.25,0.5,260.24754
54.25,0.5,260.19754
54.25,0.5,260.14754
54.25,0.5,260.09754
54.25,0.5,260.04754
54.25,0.5,259.99754
54.25,0.5,259.94754
54.25,0.5,259.89754
54.25,0.5,259.84754
54.25,0.5,259.79754
54.25,0.5,259.74754
54.25,0.5,259.69754
54.25,0.5,259.64754
54.25,0.5,259.59754
54.25,0.5,259.54754
54.25,0.5,259.49754
54.25,0.5,259.44754
54.25,0.5,259.39754
54.25,0.5,259.34754
54.25,0.5,259.29754
54.25,0.5,259.24754
54.25,0.5,259.19754
54.25,0.5,259.14754
54.25,0.5,259.09754
54.25,0.5,259.04754
54.25,0.5,258.99754
54.25,0.5,258.94754
54.25,0.5,258.77254
54.25,0.5,258.22254
54.25,0.5,257.17254
54.75,0.5,261.39575
54.75,0.5,261.34576
54.75,0.5,261.29575
54.75,0.5,261.24575
54.75,0.5,261.19575
54.75,0.5,261.14575
54.75,0.5,261.09576
54.75,0.5,261.04575
54.75,0.5,260.99575
54.75,0.5,260.94575
54.75,0.5,260.89575
54.75,0.5,260.84576
54.75,0.5,260.79575
54.75,0.5,260.74575
54.75,0.5,260.69575
54.75,0.5,260.64575
54.75,0.5,260.59576
54.75,0.5,260.54575
54.75,0.5,260.49575
54.75,0.5,260.44575
54.75,0.5,260.39575
54.75,0.5,260.34576
54.75,0.5,260.29575
54.75,0.5,260.24575
54.75,0.5,260.19575
54.75,0.5,260.14575
54.75,0.5,260.09576
54.75,0.5,260.04575
54.75,0.5,259.99575
54.75,0.5,259.94575
54.75,0.5,259.89575
54.75,0.5,259.84576
54.75,0.5,259.79575
54.75,0.5,259.74575
54.75,0.5,259.69575
54.75,0.5,259.64575
54.75,0.5,259.59576
54.75,0.5,259.54575
54.75,0.5,259.49575
54.75,0.5,259.44575
54.75,0.5,259.39575
54.75,0.5,259.34576
54.75,0.5,259.29575
54.75,0.5,259.24575
54.75,0.5,259.19575
54.75,0.5,259.14575
54.75,0.5,259.09576
54.75,0.5,259.04575
54.75,0.5,258.99575
54.75,0.5,258.94575
54.75,0.5,258.77075
54.75,0.5,258.22076
54.75,0.5,257.17075
55.25,0.5,261.39482
55.25,0.5,261.34482
55.25,0.5,261.29482
55.25,0.5,261.24481
55.25,0.5,261.19481
55.25,0.5,261.14482
55.25,0.5,261.09482
55.25,0.5,261.04482
55.25,0.5,260.99481
55.25,0.5,260.94481
55.25,0.5,260.89482
55.25,0.5,260.84482
55.25,0.5,260.79482
55.25,0.5,260.74481
55.25,0.5,260.69481
55.25,0.5,260.64482
55.25,0.5,260.59482
55.25,0.5,260.54482
55.25,0.5,260.49481
55.25,0.5,260.44481
55.25,0.5,260.39482
55.25,0.5,260.34482
55.25,0.5,260.29482
55.25,0.5,260.24481
55.25,0.5,260.19481
55.25,0.5,260.14482
55.25,0.5,260.09482
55.25,0.5,260.04482
55.25,0.5,259.99481
55.25,0.5,259.94481
55.25,0.5,259.89482
55.25,0.5,259.84482
55.25,0.5,259.79482
55.25,0.5,259.74481
55.25,0.5,259.69481
55.25,0.5,259.64482
55.25,0.5,259.59482
55.25,0.5,259.54482
55.25,0.5,259.49481
55.25,0.5,259.44481
55.25,0.5,259.39482
55.25,0.5,259.34482
55.25,0.5,259.29482
55.25,0.5,259.24481
55.25,0.5,259.19481
55.25,0.5,259.14482
55.25,0.5,259.09482
55.25,0.5,259.04482
55.25,0.5,258.99481
55.25,0.5,258.94481
55.25,0.5,258.76982
55.25,0.5,258.21982
55.25,0.5,257.16982
55.75,0.5,261.39496
55.75,0.5,261.34496
55.75,0.5,261.29496
55.75,0.5,261.24496
55.75,0.5,261.19495
55.75,0.5,261.14496
55.75,0.5,261.09496
55.75,0.5,261.04496
55.75,0.5,260.99496
55.75,0.5,260.94495
55.75,0.5,260.89496
55.75,0.5,260.84496
55.75,0.5,260.79496
55.75,0.5,260.74496
55.75,0.5,260.69495
55.75,0.5,260.64496
55.75,0.5,260.59496
55.75,0.5,260.54496
55.75,0.5,260.49496
55.75,0.5,260.44495
55.75,0.5,260.39496
55.75,0.5,260.34496
55.75,0.5,260.29496
55.75,0.5,260.24496
55.75,0.5,260.19495
55.75,0.5,260.14496
55.75,0.5,260.09496
55.75,0.5,260.04496
55.75,0.5,259.99496
55.75,0.5,259.94495
55.75,0.5,259.89496
55.75,0.5,259.84496
55.75,0.5,259.79496
55.75,0.5,259.74496
55.75,0.5,259.69495
55.75,0.5,259.64496
55.75,0.5,259.59496
55.75,0.5,259.54496
55.75,0.5,259.49496
55.75,0.5,259.44495
55.75,0.5,259.39496
55.75,0.5,259.34496
55.75,0.5,259.29496
55.75,0.5,259.24496
55.75,0.5,259.19495
55.75,0.5,259.14496
55.75,0.5,259.09496
55.75,0.5,259.04496
55.75,0.5,258.99496
55.75,0.5,258.94495
55.75,0.5,258.76996
55.75,0.5,258.21996
55.75,0.5,257.16996
56.25,0.5,261.39906
56.25,0.5,261.34906
56.25,0.5,261.29906
56.25,0.5,261.24905
56.25,0.5,261.19906
56.25,0.5,261.14906
56.25,0.5,261.09906
56.25,0.5,261.04906
56.25,0.5,260.99905
56.25,0.5,260.94906
56.25,0.5,260.89906
56.25,0.5,260.84906
56.25,0.5,260.79906
56.25,0.5,260.74905
56.25,0.5,260.69906
56.25,0.5,260.64906
56.25,0.5,260.59906
56.25,0.5,260.54906
56.25,0.5,260.49905
56.25,0.5,260.44906
56.25,0.5,260.39906
56.25,0.5,260.34906
56.25,0.5,260.29906
56.25,0.5,260.24905
56.25,0.5,260.19906
56.25,0.5,260.14906
56.25,0.5,260.09906
56.25,0.5,260.04906
56.25,0.5,259.99905
56.25,0.5,259.94906
56.25,0.5,259.89906
56.25,0.5,259.84906
56.25,0.5,259.79906
56.25,0.5,259.74905
56.25,0.5,259.69906
56.25,0.5,259.64906
56.25,0.5,259.59906
56.25,0.5,259.54906
56.25,0.5,259.49905
56.25,0.5,259.44906
56.25,0.5,259.39906
56.25,0.5,259.34906
56.25,0.5,259.29906
56.25,0.5,259.24905
56.25,0.5,259.19906
56.25,0.5,259.14906
56.25,0.5,259.09906
56.25,0.5,259.04906
56.25,0.5,258.99905
56.25,0.5,258.94906
56.25,0.5,258.77406
56.25,0.5,258.22406
56.25,0.5,257.17406
56.75,0.5,255.63157
56.75,0.5,253.58157
56.75,0.5,251.03157
56.75,0.5,247.98158
56.75,0.5,244.43158
57.25,0.5,255.63599
57.25,0.5,253.58599
57.25,0.5,251.03599
57.25,0.5,247.98599
57.25,0.5,244.43599
57.75,0.5,255.63732
57.75,0.5,253.58732
57.75,0.5,251.03732
57.75,0.5,247.98731
57.75,0.5,244.43731
58.25,0.5,255.63569
58.25,0.5,253.58569
58.25,0.5,251.03569
58.25,0.5,247.98569
58.25,0.5,244.43568
56.75,0.5,261.40658
56.75,0.5,261.35658
56.75,0.5,261.30657
56.75,0.5,261.25658
56.75,0.5,261.20658
56.75,0.5,261.15658
56.75,0.5,261.10658
56.75,0.5,261.05657
56.75,0.5,261.00658
56.75,0.5,260.95658
56.75,0.5,260.90658
56.75,0.5,260.85658
56.75,0.5,260.80657
56.75,0.5,260.75658
56.75,0.5,260.70658
56.75,0.5,260.65658
56.75,0.5,260.60658
56.75,0.5,260.55657
56.75,0.5,260.50658
56.75,0.5,260.45658
56.75,0.5,260.40658
56.75,0.5,260.35658
56.75,0.5,260.30657
56.75,0.5,260.25658
56.75,0.5,260.20658
56.75,0.5,260.15658
56.75,0.5,260.10658
56.75,0.5,260.05657
56.75,0.5,260.00658
56.75,0.5,259.95658
56.75,0.5,259.90658
56.75,0.5,259.85658
56.75,0.5,259.80657
56.75,0.5,259.75658
56.75,0.5,259.70658
56.75,0.5,259.65658
56.75,0.5,259.60658
56.75,0.5,259.55657
56.75,0.5,259.50658
56.75,0.5,259.45658
56.75,0.5,259.40658
56.75,0.5,259.35658
56.75,0.5,259.30657
56.75,0.5,259.25658
56.75,0.5,259.20658
56.75,0.5,259.15658
56.75,0.5,259.10658
56.75,0.5,259.05657
56.75,0.5,259.00658
56.75,0.5,258.95658
56.75,0.5,258.78158
56.75,0.5,258.23158
56.75,0.5,257.18157
57.25,0.5,261.411
57.25,0.5,261.36099
57.25,0.5,261.31099
57.25,0.5,261.26099
57.25,0.5,261.21099
57.25,0.5,261.161
57.25,0.5,261.11099
57.25,0.5,261.06099
57.25,0.5,261.01099
57.25,0.5,260.96099
57.25,0.5,260.911
57.25,0.5,260.86099
57.25,0.5,260.81099
57.25,0.5,260.76099
57.25,0.5,260.71099
57.25,0.5,260.661
57.25,0.5,260.61099
57.25,0.5,260.56099
57.25,0.5,260.51099
57.25,0.5,260.46099
57.25,0.5,260.411
57.25,0.5,260.36099
57.25,0.5,260.31099
57.25,0.5,260.26099
57.25,0.5,260.21099
57.25,0.5,260.161
57.25,0.5,260.11099
57.25,0.5,260.06099
57.25,0.5,260.01099
57.25,0.5,259.96099
57.25,0.5,259.911
57.25,0.5,259.86099
57.25,0.5,259.81099
57.25,0.5,259.76099
57.25,0.5,259.71099
57.25,0.5,259.661
57.25,0.5,259.61099
57.25,0.5,259.56099
57.25,0.5,259.51099
57.25,0.5,259.46099
57.25,0.5,259.411
57.25,0.5,259.36099
57.25,0.5,259.31099
57.25,0.5,259.26099
57.25,0.5,259.21099
57.25,0.5,259.161
57.25,0.5,259.11099
57.25,0.5,259.06099
57.25,0.5,259.01099
57.25,0.5,258.96099
57.25,0.5,258.786
57.25,0.5,258.23599
57.25,0.5,257.18599
57.75,0.5,261.41232
57.75,0.5,261.36232
57.75,0.5,261.31232
57.75,0.5,261.26231
57.75,0.5,261.21231
57.75,0.5,261.16232
57.75,0.5,261.11232
57.75,0.5,261.06232
57.75,0.5,261.01231
57.75,0.5,260.96231
57.75,0.5,260.91232
57.75,0.5,260.86232
57.75,0.5,260.81232
57.75,0.5,260.76231
57.75,0.5,260.71231
57.75,0.5,260.66232
57.75,0.5,260.61232
57.75,0.5,260.56232
57.75,0.5,260.51231
57.75,0.5,260.46231
57.75,0.5,260.41232
57.75,0.5,260.36232
57.75,0.5,260.31232
57.75,0.5,260.26231
57.75,0.5,260.21231
57.75,0.5,260.16232
57.75,0.5,260.11232
57.75,0.5,260.06232
57.75,0.5,260.01231
57.75,0.5,259.96231
57.75,0.5,259.91232
57.75,0.5,259.86232
57.75,0.5,259.81232
57.75,0.5,259.76231
57.75,0.5,259.71231
57.75,0.5,259.66232
57.75,0.5,259.61232
57.75,0.5,259.56232
57.75,0.5,259.51231
57.75,0.5,259.46231
57.75,0.5,259.41232
57.75,0.5,259.36232
57.75,0.5,259.31232
57.75,0.5,259.26231
57.75,0.5,259.21231
57.75,0.5,259.16232
57.75,0.5,259.11232
57.75,0.5,259.06232
57.75,0.5,259.01231
57.75,0.5,258.96231
57.75,0.5,258.78732
57.75,0.5,258.23732
57.75,0.5,257.18732
58.25,0.5,261.41069
58.25,0.5,261.36069
58.25,0.5,261.31068
58.25,0.5,261.26069
58.25,0.5,261.21069
58.25,0.5,261.16069
58.25,0.5,261.11069
58.25,0.5,261.06068
58.25,0.5,261.01069
58.25,0.5,260.96069
58.25,0.5,260.91069
58.25,0.5,260.86069
58.25,0.5,260.81068
58.25,0.5,260.76069
58.25,0.5,260.71069
58.25,0.5,260.66069
58.25,0.5,260.61069
58.25,0.5,260.56068
58.25,0.5,260.51069
58.25,0.5,260.46069
58.25,0.5,260.41069
58.25,0.5,260.36069
58.25,0.5,260.31068
58.25,0.5,260.26069
58.25,0.5,260.21069
58.25,0.5,260.16069
58.25,0.5,260.11069
58.25,0.5,260.06068
58.25,0.5,260.01069
58.25,0.5,259.96069
58.25,0.5,259.91069
58.25,0.5,259.86069
58.25,0.5,259.81068
58.25,0.5,259.76069
58.25,0.5,259.71069
58.25,0.5,259.66069
58.25,0.5,259.61069
58.25,0.5,259.56068
58.25,0.5,259.51069
58.25,0.5,259.46069
58.25,0.5,259.41069
58.25,0.5,259.36069
58.25,0.5,259.31068
58.25,0.5,259.26069
58.25,0.5,259.21069
58.25,0.5,259.16069
58.25,0.5,259.11069
58.25,0.5,259.06068
58.25,0.5,259.01069
58.25,0.5,258.96069
58.25,0.5,258.78569
58.25,0.5,258.23569
58.25,0.5,257.18568
58.75,0.5,255.63164
58.75,0.5,253.58164
58.75,0.5,251.03165
58.75,0.5,247.98164
58.75,0.5,244.43164
59.25,0.5,255.6315
59.25,0.5,253.5815
59.25,0.5,251.0315
59.25,0.5,247.9815
59.25,0.5,244.4315
59.75,0.5,255.63498
59.75,0.5,253.58498
59.75,0.5,251.03497
59.75,0.5,247.98497
59.75,0.5,244.43497
60.25,0.5,255.63872
60.25,0.5,253.58872
60.25,0.5,251.03872
60.25,0.5,247.98872
60.25,0.5,244.43872
60.75,0.5,255.64252
60.75,0.5,253.59252
60.75,0.5,251.04252
60.75,0.5,247.99253
60.75,0.5,244.44253
58.75,0.5,261.40664
58.75,0.5,261.35664
58.75,0.5,261.30664
58.75,0.5,261.25665
58.75,0.5,261.20664
58.75,0.5,261.15664
58.75,0.5,261.10664
58.75,0.5,261.05664
58.75,0.5,261.00665
58.75,0.5,260.95664
58.75,0.5,260.90664
58.75,0.5,260.85664
58.75,0.5,260.80664
58.75,0.5,260.75665
58.75,0.5,260.70664
58.75,0.5,260.65664
58.75,0.5,260.60664
58.75,0.5,260.55664
58.75,0.5,260.50665
58.75,0.5,260.45664
58.75,0.5,260.40664
58.75,0.5,260.35664
58.75,0.5,260.30664
58.75,0.5,260.25665
58.75,0.5,260.20664
58.75,0.5,260.15664
58.75,0.5,260.10664
58.75,0.5,260.05664
58.75,0.5,260.00665
58.75,0.5,259.95664
58.75,0.5,259.90664
58.75,0.5,259.85664
58.75,0.5,259.80664
58.75,0.5,259.75665
58.75,0.5,259.70664
58.75,0.5,259.65664
58.75,0.5,259.60664
58.75,0.5,259.55664
58.75,0.5,259.50665
58.75,0.5,259.45664
58.75,0.5,259.40664
58.75,0.5,259.35664
58.75,0.5,259.30664
58.75,0.5,259.25665
58.75,0.5,259.20664
58.75,0.5,259.15664
58.75,0.5,259.10664
58.75,0.5,259.05664
58.75,0.5,259.00665
58.75,0.5,258.95664
58.75,0.5,258.78164
58.75,0.5,258.23164
58.75,0.5,257.18164
59.25,0.5,261.40649
59.25,0.5,261.35649
59.25,0.5,261.3065
59.25,0.5,261.2565
59.25,0.5,261.2065
59.25,0.5,261.15649
59.25,0.5,261.10649
59.25,0.5,261.0565
59.25,0.5,261.0065
59.25,0.5,260.9565
59.25,0.5,260.90649
59.25,0.5,260.85649
59.25,0.5,260.8065
59.25,0.5,260.7565
59.25,0.5,260.7065
59.25,0.5,260.65649
59.25,0.5,260.60649
59.25,0.5,260.5565
59.25,0.5,260.5065
59.25,0.5,260.4565
59.25,0.5,260.40649
59.25,0.5,260.35649
59.25,0.5,260.3065
59.25,0.5,260.2565
59.25,0.5,260.2065
59.25,0.5,260.15649
59.25,0.5,260.10649
59.25,0.5,260.0565
59.25,0.5,260.0065
59.25,0.5,259.9565
59.25,0.5,259.90649
59.25,0.5,259.85649
59.25,0.5,259.8065
59.25,0.5,259.7565
59.25,0.5,259.7065
59.25,0.5,259.65649
59.25,0.5,259.60649
59.25,0.5,259.5565
59.25,0.5,259.5065
59.25,0.5,259.4565
59.25,0.5,259.40649
59.25,0.5,259.35649
59.25,0.5,259.3065
59.25,0.5,259.2565
59.25,0.5,259.2065
59.25,0.5,259.15649
59.25,0.5,259.10649
59.25,0.5,259.0565
59.25,0.5,259.0065
59.25,0.5,258.9565
59.25,0.5,258.78149
59.25,0.5,258.23149
59.25,0.5,257.1815
59.75,0.5,261.40997
59.75,0.5,261.35997
59.75,0.5,261.30997
59.75,0.5,261.25997
59.75,0.5,261.20997
59.75,0.5,261.15997
59.75,0.5,261.10997
59.75,0.5,261.05997
59.75,0.5,261.00997
59.75,0.5,260.95997
59.75,0.5,260.90997
59.75,0.5,260.85997
59.75,0.5,260.80997
59.75,0.5,260.75997
59.75,0.5,260.70997
59.75,0.5,260.65997
59.75,0.5,260.60997
59.75,0.5,260.55997
59.75,0.5,260.50997
59.75,0.5,260.45997
59.75,0.5,260.40997
59.75,0.5,260.35997
59.75,0.5,260.30997
59.75,0.5,260.25997
59.75,0.5,260.20997
59.75,0.5,260.15997
59.75,0.5,260.10997
59.75,0.5,260.05997
59.75,0.5,260.00997
59.75,0.5,259.95997
59.75,0.5,259.90997
59.75,0.5,259.85997
59.75,0.5,259.80997
59.75,0.5,259.75997
59.75,0.5,259.70997
59.75,0.5,259.65997
59.75,0.5,259.60997
59.75,0.5,259.55997
59.75,0.5,259.50997
59.75,0.5,259.45997
59.75,0.5,259.40997
59.75,0.5,259.35997
59.75,0.5,259.30997
59.75,0.5,259.25997
59.75,0.5,259.20997
59.75,0.5,259.15997
59.75,0.5,259.10997
59.75,0.5,259.05997
59.75,0.5,259.00997
59.75,0.5,258.95997
59.75,0.5,258.78497
59.75,0.5,258.23497
59.75,0.5,257.18497
60.25,0.5,261.41372
60.25,0.5,261.36372
60.25,0.5,261.31372
60.25,0.5,261.26372
60.25,0.5,261.21372
60.25,0.5,261.16372
60.25,0.5,261.11372
60.25,0.5,261.06372
60.25,0.5,261.01372
60.25,0.5,260.96372
60.25,0.5,260.91372
60.25,0.5,260.86372
60.25,0.5,260.81372
60.25,0.5,260.76372
60.25,0.5,260.71372
60.25,0.5,260.66372
60.25,0.5,260.61372
60.25,0.5,260.56372
60.25,0.5,260.51372
60.25,0.5,260.46372
60.25,0.5,260.41372
60.25,0.5,260.36372
60.25,0.5,260.31372
60.25,0.5,260.26372
60.25,0.5,260.21372
60.25,0.5,260.16372
60.25,0.5,260.11372
60.25,0.5,260.06372
60.25,0.5,260.01372
60.25,0.5,259.96372
60.25,0.5,259.91372
60.25,0.5,259.86372
60.25,0.5,259.81372
60.25,0.5,259.76372
60.25,0.5,259.71372
60.25,0.5,259.66372
60.25,0.5,259.61372
60.25,0.5,259.56372
60.25,0.5,259.51372
60.25,0.5,259.46372
60.25,0.5,259.41372
60.25,0.5,259.36372
60.25,0.5,259.31372
60.25,0.5,259.26372
60.25,0.5,259.21372
60.25,0.5,259.16372
60.25,0.5,259.11372
60.25,0.5,259.06372
60.25,0.5,259.01372
60.25,0.5,258.96372
60.25,0.5,258.78872
60.25,0.5,258.23872
60.25,0.5,257.18872
60.75,0.5,261.41753
60.75,0.5,261.36752
60.75,0.5,261.31752
60.75,0.5,261.26752
60.75,0.5,261.21753
60.75,0.5,261.16753
60.75,0.5,261.11752
60.75,0.5,261.06752
60.75,0.5,261.01752
60.75,0.5,260.96753
60.75,0.5,260.91753
60.75,0.5,260.86752
60.75,0.5,260.81752
60.75,0.5,260.76752
60.75,0.5,260.71753
60.75,0.5,260.66753
60.75,0.5,260.61752
60.75,0.5,260.56752
60.75,0.5,260.51752
60.75,0.5,260.46753
60.75,0.5,260.41753
60.75,0.5,260.36752
60.75,0.5,260.31752
60.75,0.5,260.26752
60.75,0.5,260.21753
60.75,0.5,260.16753
60.75,0.5,260.11752
60.75,0.5,260.06752
60.75,0.5,260.01752
60.75,0.5,259.96753
60.75,0.5,259.91753
60.75,0.5,259.86752
60.75,0.5,259.81752
60.75,0.5,259.76752
60.75,0.5,259.71753
60.75,0.5,259.66753
60.75,0.5,259.61752
60.75,0.5,259.56752
60.75,0.5,259.51752
60.75,0.5,259.46753
60.75,0.5,259.41753
60.75,0.5,259.36752
60.75,0.5,259.31752
60.75,0.5,259.26752
60.75,0.5,259.21753
60.75,0.5,259.16753
60.75,0.5,259.11752
60.75,0.5,259.06752
60.75,0.5,259.01752
60.75,0.5,258.96753
60.75,0.5,258.79253
60.75,0.5,258.24252
60.75,0.5,257.19252
61.25,0.5,255.64387
61.25,0.5,253.59387
61.25,0.5,251.04388
61.25,0.5,247.99388
61.25,0.5,244.44388
61.75,0.5,255.6427
61.75,0.5,253.5927
61.75,0.5,251.0427
61.75,0.5,247.9927
61.75,0.5,244.4427
62.25,0.5,255.63814
62.25,0.5,253.58814
62.25,0.5,251.03814
62.25,0.5,247.98814
62.25,0.5,244.43814
62.75,0.5,255.63062
62.75,0.5,253.58062
62.75,0.5,251.03062
62.75,0.5,247.98061
62.75,0.5,244.43061
61.25,0.5,261.41888
61.25,0.5,261.36887
61.25,0.5,261.31887
61.25,0.5,261.26888
61.25,0.5,261.21888
61.25,0.5,261.16888
61.25,0.5,261.11887
61.25,0.5,261.06887
61.25,0.5,261.01888
61.25,0.5,260.96888
61.25,0.5,260.91888
61.25,0.5,260.86887
61.25,0.5,260.81887
61.25,0.5,260.76888
61.25,0.5,260.71888
61.25,0.5,260.66888
61.25,0.5,260.61887
61.25,0.5,260.56887
61.25,0.5,260.51888
61.25,0.5,260.46888
61.25,0.5,260.41888
61.25,0.5,260.36887
61.25,0.5,260.31887
61.25,0.5,260.26888
61.25,0.5,260.21888
61.25,0.5,260.16888
61.25,0.5,260.11887
61.25,0.5,260.06887
61.25,0.5,260.01888
61.25,0.5,259.96888
61.25,0.5,259.91888
61.25,0.5,259.86887
61.25,0.5,259.81887
61.25,0.5,259.76888
61.25,0.5,259.71888
61.25,0.5,259.66888
61.25,0.5,259.61887
61.25,0.5,259.56887
61.25,0.5,259.51888
61.25,0.5,259.46888
61.25,0.5,259.41888
61.25,0.5,259.36887
61.25,0.5,259.31887
61.25,0.5,259.26888
61.25,0.5,259.21888
61.25,0.5,259.16888
61.25,0.5,259.11887
61.25,0.5,259.06887
61.25,0.5,259.01888
61.25,0.5,258.96888
61.25,0.5,258.79388
61.25,0.5,258.24387
61.25,0.5,257.19387
61.75,0.5,261.41769
61.75,0.5,261.3677
61.75,0.5,261.3177
61.75,0.5,261.2677
61.75,0.5,261.2177
61.75,0.5,261.16769
61.75,0.5,261.1177
61.75,0.5,261.0677
61.75,0.5,261.0177
61.75,0.5,260.9677
61.75,0.5,260.91769
61.75,0.5,260.8677
61.75,0.5,260.8177
61.75,0.5,260.7677
61.75,0.5,260.7177
61.75,0.5,260.66769
61.75,0.5,260.6177
61.75,0.5,260.5677
61.75,0.5,260.5177
61.75,0.5,260.4677
61.75,0.5,260.41769
61.75,0.5,260.3677
61.75,0.5,260.3177
61.75,0.5,260.2677
61.75,0.5,260.2177
61.75,0.5,260.16769
61.75,0.5,260.1177
61.75,0.5,260.0677
61.75,0.5,260.0177
61.75,0.5,259.9677
61.75,0.5,259.91769
61.75,0.5,259.8677
61.75,0.5,259.8177
61.75,0.5,259.7677
61.75,0.5,259.7177
61.75,0.5,259.66769
61.75,0.5,259.6177
61.75,0.5,259.5677
61.75,0.5,259.5177
61.75,0.5,259.4677
61.75,0.5,259.41769
61.75,0.5,259.3677
61.75,0.5,259.3177
61.75,0.5,259.2677
61.75,0.5,259.2177
61.75,0.5,259.16769
61.75,0.5,259.1177
61.75,0.5,259.0677
61.75,0.5,259.0177
61.75,0.5,258.9677
61.75,0.5,258.79269
61.75,0.5,258.2427
61.75,0.5,257.1927
62.25,0.5,261.41314
62.25,0.5,261.36314
62.25,0.5,261.31314
62.25,0.5,261.26314
62.25,0.5,261.21314
62.25,0.5,261.16314
62.25,0.5,261.11314
62.25,0.5,261.06314
62.25,0.5,261.01314
62.25,0.5,260.96314
62.25,0.5,260.91314
62.25,0.5,260.86314
62.25,0.5,260.81314
62.25,0.5,260.76314
62.25,0.5,260.71314
62.25,0.5,260.66314
62.25,0.5,260.61314
62.25,0.5,260.56314
62.25,0.5,260.51314
62.25,0.5,260.46314
62.25,0.5,260.41314
62.25,0.5,260.36314
62.25,0.5,260.31314
62.25,0.5,260.26314
62.25,0.5,260.21314
62.25,0.5,260.16314
62.25,0.5,260.11314
62.25,0.5,260.06314
62.25,0.5,260.01314
62.25,0.5,259.96314
62.25,0.5,259.91314
62.25,0.5,259.86314
62.25,0.5,259.81314
62.25,0.5,259.76314
62.25,0.5,259.71314
62.25,0.5,259.66314
62.25,0.5,259.61314
62.25,0.5,259.56314
62.25,0.5,259.51314
62.25,0.5,259.46314
62.25,0.5,259.41314
62.25,0.5,259.36314
62.25,0.5,259.31314
62.25,0.5,259.26314
62.25,0.5,259.21314
62.25,0.5,259.16314
62.25,0.5,259.11314
62.25,0.5,259.06314
62.25,0.5,259.01314
62.25,0.5,258.96314
62.25,0.5,258.78814
62.25,0.5,258.23814
62.25,0.5,257.18814
62.75,0.5,261.40562
62.75,0.5,261.35562
62.75,0.5,261.30562
62.75,0.5,261.25562
62.75,0.5,261.20562
62.75,0.5,261.15562
62.75,0.5,261.10562
62.75,0.5,261.05562
62.75,0.5,261.00562
62.75,0.5,260.95562
62.75,0.5,260.90562
62.75,0.5,260.85562
62.75,0.5,260.80562
62.75,0.5,260.75562
62.75,0.5,260.70562
62.75,0.5,260.65562
62.75,0.5,260.60562
62.75,0.5,260.55562
62.75,0.5,260.50562
62.75,0.5,260.45562
62.75,0.5,260.40562
62.75,0.5,260.35562
62.75,0.5,260.30562
62.75,0.5,260.25562
62.75,0.5,260.20562
62.75,0.5,260.15562
62.75,0.5,260.10562
62.75,0.5,260.05562
62.75,0.5,260.00562
62.75,0.5,259.95562
62.75,0.5,259.90562
62.75,0.5,259.85562
62.75,0.5,259.80562
62.75,0.5,259.75562
62.75,0.5,259.70562
62.75,0.5,259.65562
62.75,0.5,259.60562
62.75,0.5,259.55562
62.75,0.5,259.50562
62.75,0.5,259.45562
62.75,0.5,259.40562
62.75,0.5,259.35562
62.75,0.5,259.30562
62.75,0.5,259.25562
62.75,0.5,259.20562
62.75,0.5,259.15562
62.75,0.5,259.10562
62.75,0.5,259.05562
62.75,0.5,259.00562
62.75,0.5,258.95562
62.75,0.5,258.78062
62.75,0.5,258.23062
62.75,0.5,257.18062
63.25,0.5,255.62467
63.25,0.5,253.57467
63.25,0.5,251.02467
63.25,0.5,247.97467
63.25,0.5,244.42467
63.75,0.5,255.62029
63.75,0.5,253.57028
63.75,0.5,251.02029
63.75,0.5,247.97028
63.75,0.5,244.42028
64.25,0.5,255.61725
64.25,0.5,253.56725
64.25,0.5,251.01725
64.25,0.5,247.96725
64.25,0.5,244.41724
64.75,0.5,255.61544
64.75,0.5,253.56544
64.75,0.5,251.01544
64.75,0.5,247.96544
64.75,0.5,244.41544
65.25,0.5,255.61356
65.25,0.5,253.56356
65.25,0.5,251.01356
65.25,0.5,247.96355
65.25,0.5,244.41355
63.25,0.5,261.39967
63.25,0.5,261.34967
63.25,0.5,261.29967
63.25,0.5,261.24967
63.25,0.5,261.19967
63.25,0.5,261.14967
63.25,0.5,261.09967
63.25,0.5,261.04967
63.25,0.5,260.99967
63.25,0.5,260.94967
63.25,0.5,260.89967
63.25,0.5,260.84967
63.25,0.5,260.79967
63.25,0.5,260.74967
63.25,0.5,260.69967
63.25,0.5,260.64967
63.25,0.5,260.59967
63.25,0.5,260.54967
63.25,0.5,260.49967
63.25,0.5,260.44967
63.25,0.5,260.39967
63.25,0.5,260.34967
63.25,0.5,260.29967
63.25,0.5,260.24967
63.25,0.5,260.19967
63.25,0.5,260.14967
63.25,0.5,260.09967
63.25,0.5,260.04967
63.25,0.5,259.99967
63.25,0.5,259.94967
63.25,0.5,259.89967
63.25,0.5,259.84967
63.25,0.5,259.79967
63.25,0.5,259.74967
63.25,0.5,259.69967
63.25,0.5,259.64967
63.25,0.5,259.59967
63.25,0.5,259.54967
63.25,0.5,259.49967
63.25,0.5,259.44967
63.25,0.5,259.39967
63.25,0.5,259.34967
63.25,0.5,259.29967
63.25,0.5,259.24967
63.25,0.5,259.19967
63.25,0.5,259.14967
63.25,0.5,259.09967
63.25,0.5,259.04967
63.25,0.5,258.99967
63.25,0.5,258.94967
63.25,0.5,258.77467
63.25,0.5,258.22467
63.25,0.5,257.17467
63.75,0.5,261.39528
63.75,0.5,261.34528
63.75,0.5,261.29529
63.75,0.5,261.24529
63.75,0.5,261.19528
63.75,0.5,261.14528
63.75,0.5,261.09528
63.75,0.5,261.04529
63.75,0.5,260.99529
63.75,0.5,260.94528
63.75,0.5,260.89528
63.75,0.5,260.84528
63.75,0.5,260.79529
63.75,0.5,260.74529
63.75,0.5,260.69528
63.75,0.5,260.64528
63.75,0.5,260.59528
63.75,0.5,260.54529
63.75,0.5,260.49529
63.75,0.5,260.44528
63.75,0.5,260.39528
63.75,0.5,260.34528
63.75,0.5,260.29529
63.75,0.5,260.24529
63.75,0.5,260.19528
63.75,0.5,260.14528
63.75,0.5,260.09528
63.75,0.5,260.04529
63.75,0.5,259.99529
63.75,0.5,259.94528
63.75,0.5,259.89528
63.75,0.5,259.84528
63.75,0.5,259.79529
63.75,0.5,259.74529
63.75,0.5,259.69528
63.75,0.5,259.64528
63.75,0.5,259.59528
63.75,0.5,259.54529
63.75,0.5,259.49529
63.75,0.5,259.44528
63.75,0.5,259.39528
63.75,0.5,259.34528
63.75,0.5,259.29529
63.75,0.5,259.24529
63.75,0.5,259.19528
63.75,0.5,259.14528
63.75,0.5,259.09528
63.75,0.5,259.04529
63.75,0.5,258.99529
63.75,0.5,258.94528
63.75,0.5,258.77028
63.75,0.5,258.22028
63.75,0.5,257.17029
64.25,0.5,261.39224
64.25,0.5,261.34224
64.25,0.5,261.29225
64.25,0.5,261.24225
64.25,0.5,261.19225
64.25,0.5,261.14224
64.25,0.5,261.09224
64.25,0.5,261.04225
64.25,0.5,260.99225
64.25,0.5,260.94225
64.25,0.5,260.89224
64.25,0.5,260.84224
64.25,0.5,260.79225
64.25,0.5,260.74225
64.25,0.5,260.69225
64.25,0.5,260.64224
64.25,0.5,260.59224
64.25,0.5,260.54225
64.25,0.5,260.49225
64.25,0.5,260.44225
64.25,0.5,260.39224
64.25,0.5,260.34224
64.25,0.5,260.29225
64.25,0.5,260.24225
64.25,0.5,260.19225
64.25,0.5,260.14224
64.25,0.5,260.09224
64.25,0.5,260.04225
64.25,0.5,259.99225
64.25,0.5,259.94225
64.25,0.5,259.89224
64.25,0.5,259.84224
64.25,0.5,259.79225
64.25,0.5,259.74225
64.25,0.5,259.69225
64.25,0.5,259.64224
64.25,0.5,259.59224
64.25,0.5,259.54225
64.25,0.5,259.49225
64.25,0.5,259.44225
64.25,0.5,259.39224
64.25,0.5,259.34224
64.25,0.5,259.29225
64.25,0.5,259.24225
64.25,0.5,259.19225
64.25,0.5,259.14224
64.25,0.5,259.09224
64.25,0.5,259.04225
64.25,0.5,258.99225
64.25,0.5,258.94225
64.25,0.5,258.76724
64.25,0.5,258.21724
64.25,0.5,257.16725
64.75,0.5,261.39043
64.75,0.5,261.34044
64.75,0.5,261.29044
64.75,0.5,261.24044
64.75,0.5,261.19044
64.75,0.5,261.14043
64.75,0.5,261.09044
64.75,0.5,261.04044
64.75,0.5,260.99044
64.75,0.5,260.94044
64.75,0.5,260.89043
64.75,0.5,260.84044
64.75,0.5,260.79044
64.75,0.5,260.74044
64.75,0.5,260.69044
64.75,0.5,260.64043
64.75,0.5,260.59044
64.75,0.5,260.54044
64.75,0.5,260.49044
64.75,0.5,260.44044
64.75,0.5,260.39043
64.75,0.5,260.34044
64.75,0.5,260.29044
64.75,0.5,260.24044
64.75,0.5,260.19044
64.75,0.5,260.14043
64.75,0.5,260.09044
64.75,0.5,260.04044
64.75,0.5,259.99044
64.75,0.5,259.94044
64.75,0.5,259.89043
64.75,0.5,259.84044
64.75,0.5,259.79044
64.75,0.5,259.74044
64.75,0.5,259.69044
64.75,0.5,259.64043
64.75,0.5,259.59044
64.75,0.5,259.54044
64.75,0.5,259.49044
64.75,0.5,259.44044
64.75,0.5,259.39043
64.75,0.5,259.34044
64.75,0.5,259.29044
64.75,0.5,259.24044
64.75,0.5,259.19044
64.75,0.5,259.14043
64.75,0.5,259.09044
64.75,0.5,259.04044
64.75,0.5,258.99044
64.75,0.5,258.94044
64.75,0.5,258.76543
64.75,0.5,258.21544
64.75,0.5,257.16544
65.25,0.5,261.38855
65.25,0.5,261.33856
65.25,0.5,261.28856
65.25,0.5,261.23856
65.25,0.5,261.18855
65.25,0.5,261.13855
65.25,0.5,261.08856
65.25,0.5,261.03856
65.25,0.5,260.98856
65.25,0.5,260.93855
65.25,0.5,260.88855
65.25,0.5,260.83856
65.25,0.5,260.78856
65.25,0.5,260.73856
65.25,0.5,260.68855
65.25,0.5,260.63855
65.25,0.5,260.58856
65.25,0.5,260.53856
65.25,0.5,260.48856
65.25,0.5,260.43855
65.25,0.5,260.38855
65.25,0.5,260.33856
65.25,0.5,260.28856
65.25,0.5,260.23856
65.25,0.5,260.18855
65.25,0.5,260.13855
65.25,0.5,260.08856
65.25,0.5,260.03856
65.25,0.5,259.98856
65.25,0.5,259.93855
65.25,0.5,259.88855
65.25,0.5,259.83856
65.25,0.5,259.78856
65.25,0.5,259.73856
65.25,0.5,259.68855
65.25,0.5,259.63855
65.25,0.5,259.58856
65.25,0.5,259.53856
65.25,0.5,259.48856
65.25,0.5,259.43855
65.25,0.5,259.38855
65.25,0.5,259.33856
65.25,0.5,259.28856
65.25,0.5,259.23856
65.25,0.5,259.18855
65.25,0.5,259.13855
65.25,0.5,259.08856
65.25,0.5,259.03856
65.25,0.5,258.98856
65.25,0.5,258.93855
65.25,0.5,258.76355
65.25,0.5,258.21356
65.25,0.5,257.16356
65.75,0.5,255.61156
65.75,0.5,253.56156
65.75,0.5,251.01156
65.75,0.5,247.96156
65.75,0.5,244.41156
66.25,0.5,255.60907
66.25,0.5,253.55907
66.25,0.5,251.00906
66.25,0.5,247.95906
66.25,0.5,244.40907
66.75,0.5,255.60603
66.75,0.5,253.55603
66.75,0.5,251.00603
66.75,0.5,247.95602
66.75,0.5,244.40602
67.25,0.5,255.60198
67.25,0.5,253.55198
67.25,0.5,251.00198
67.25,0.5,247.95198
67.25,0.5,244.40198
65.75,0.5,261.38656
65.75,0.5,261.33656
65.75,0.5,261.28656
65.75,0.5,261.23656
65.75,0.5,261.18656
65.75,0.5,261.13656
65.75,0.5,261.08656
65.75,0.5,261.03656
65.75,0.5,260.98656
65.75,0.5,260.93656
65.75,0.5,260.88656
65.75,0.5,260.83656
65.75,0.5,260.78656
65.75,0.5,260.73656
65.75,0.5,260.68656
65.75,0.5,260.63656
65.75,0.5,260.58656
65.75,0.5,260.53656
65.75,0.5,260.48656
65.75,0.5,260.43656
65.75,0.5,260.38656
65.75,0.5,260.33656
65.75,0.5,260.28656
65.75,0.5,260.23656
65.75,0.5,260.18656
65.75,0.5,260.13656
65.75,0.5,260.08656
65.75,0.5,260.03656
65.75,0.5,259.98656
65.75,0.5,259.93656
65.75,0.5,259.88656
65.75,0.5,259.83656
65.75,0.5,259.78656
65.75,0.5,259.73656
65.75,0.5,259.68656
65.75,0.5,259.63656
65.75,0.5,259.58656
65.75,0.5,259.53656
65.75,0.5,259.48656
65.75,0.5,259.43656
65.75,0.5,259.38656
65.75,0.5,259.33656
65.75,0.5,259.28656
65.75,0.5,259.23656
65.75,0.5,259.18656
65.75,0.5,259.13656
65.75,0.5,259.08656
65.75,0.5,259.03656
65.75,0.5,258.98656
65.75,0.5,258.93656
65.75,0.5,258.76156
65.75,0.5,258.21156
65.75,0.5,257.16156
66.25,0.5,261.38406
66.25,0.5,261.33406
66.25,0.5,261.28407
66.25,0.5,261.23406
66.25,0.5,261.18407
66.25,0.5,261.13406
66.25,0.5,261.08406
66.25,0.5,261.03407
66.25,0.5,260.98406
66.25,0.5,260.93407
66.25,0.5,260.88406
66.25,0.5,260.83406
66.25,0.5,260.78407
66.25,0.5,260.73406
66.25,0.5,260.68407
66.25,0.5,260.63406
66.25,0.5,260.58406
66.25,0.5,260.53407
66.25,0.5,260.48406
66.25,0.5,260.43407
66.25,0.5,260.38406
66.25,0.5,260.33406
66.25,0.5,260.28407
66.25,0.5,260.23406
66.25,0.5,260.18407
66.25,0.5,260.13406
66.25,0.5,260.08406
66.25,0.5,260.03407
66.25,0.5,259.98406
66.25,0.5,259.93407
66.25,0.5,259.88406
66.25,0.5,259.83406
66.25,0.5,259.78407
66.25,0.5,259.73406
66.25,0.5,259.68407
66.25,0.5,259.63406
66.25,0.5,259.58406
66.25,0.5,259.53407
66.25,0.5,259.48406
66.25,0.5,259.43407
66.25,0.5,259.38406
66.25,0.5,259.33406
66.25,0.5,259.28407
66.25,0.5,259.23406
66.25,0.5,259.18407
66.25,0.5,259.13406
66.25,0.5,259.08406
66.25,0.5,259.03407
66.25,0.5,258.98406
66.25,0.5,258.93407
66.25,0.5,258.75906
66.25,0.5,258.20906
66.25,0.5,257.15907
66.75,0.5,261.38102
66.75,0.5,261.33102
66.75,0.5,261.28102
66.75,0.5,261.23103
66.75,0.5,261.18102
66.75,0.5,261.13102
66.75,0.5,261.08102
66.75,0.5,261.03102
66.75,0.5,260.98103
66.75,0.5,260.93102
66.75,0.5,260.88102
66.75,0.5,260.83102
66.75,0.5,260.78102
66.75,0.5,260.73103
66.75,0.5,260.68102
66.75,0.5,260.63102
66.75,0.5,260.58102
66.75,0.5,260.53102
66.75,0.5,260.48103
66.75,0.5,260.43102
66.75,0.5,260.38102
66.75,0.5,260.33102
66.75,0.5,260.28102
66.75,0.5,260.23103
66.75,0.5,260.18102
66.75,0.5,260.13102
66.75,0.5,260.08102
66.75,0.5,260.03102
66.75,0.5,259.98103
66.75,0.5,259.93102
66.75,0.5,259.88102
66.75,0.5,259.83102
66.75,0.5,259.78102
66.75,0.5,259.73103
66.75,0.5,259.68102
66.75,0.5,259.63102
66.75,0.5,259.58102
66.75,0.5,259.53102
66.75,0.5,259.48103
66.75,0.5,259.43102
66.75,0.5,259.38102
66.75,0.5,259.33102
66.75,0.5,259.28102
66.75,0.5,259.23103
66.75,0.5,259.18102
66.75,0.5,259.13102
66.75,0.5,259.08102
66.75,0.5,259.03102
66.75,0.5,258.98103
66.75,0.5,258.93102
66.75,0.5,258.75602
66.75,0.5,258.20602
66.75,0.5,257.15602
67.25,0.5,261.37698
67.25,0.5,261.32698
67.25,0.5,261.27698
67.25,0.5,261.22698
67.25,0.5,261.17698
67.25,0.5,261.12698
67.25,0.5,261.07698
67.25,0.5,261.02698
67.25,0.5,260.97698
67.25,0.5,260.92698
67.25,0.5,260.87698
67.25,0.5,260.82698
67.25,0.5,260.77698
67.25,0.5,260.72698
67.25,0.5,260.67698
67.25,0.5,260.62698
67.25,0.5,260.57698
67.25,0.5,260.52698
67.25,0.5,260.47698
67.25,0.5,260.42698
67.25,0.5,260.37698
67.25,0.5,260.32698
67.25,0.5,260.27698
67.25,0.5,260.22698
67.25,0.5,260.17698
67.25,0.5,260.12698
67.25,0.5,260.07698
67.25,0.5,260.02698
67.25,0.5,259.97698
67.25,0.5,259.92698
67.25,0.5,259.87698
67.25,0.5,259.82698
67.25,0.5,259.77698
67.25,0.5,259.72698
67.25,0.5,259.67698
67.25,0.5,259.62698
67.25,0.5,259.57698
67.25,0.5,259.52698
67.25,0.5,259.47698
67.25,0.5,259.42698
67.25,0.5,259.37698
67.25,0.5,259.32698
67.25,0.5,259.27698
67.25,0.5,259.22698
67.25,0.5,259.17698
67.25,0.5,259.12698
67.25,0.5,259.07698
67.25,0.5,259.02698
67.25,0.5,258.97698
67.25,0.5,258.92698
67.25,0.5,258.75198
67.25,0.5,258.20198
67.25,0.5,257.15198
67.75,0.5,255.59715
67.75,0.5,253.54715
67.75,0.5,250.99715
67.75,0.5,247.94714
67.75,0.5,244.39715
68.25,0.5,255.59364
68.25,0.5,253.54364
68.25,0.5,250.99364
68.25,0.5,247.94364
68.25,0.5,244.39364
68.75,0.5,255.59168
68.75,0.5,253.54168
68.75,0.5,250.99168
68.75,0.5,247.94168
68.75,0.5,244.39168
69.25,0.5,255.5934
69.25,0.5,253.5434
69.25,0.5,250.99339
69.25,0.5,247.94339
69.25,0.5,244.39339
69.75,0.5,255.59835
69.75,0.5,253.54836
69.75,0.5,250.99836
69.75,0.5,247.94836
69.75,0.5,244.39835
67.75,0.5,261.37215
67.75,0.5,261.32215
67.75,0.5,261.27215
67.75,0.5,261.22215
67.75,0.5,261.17215
67.75,0.5,261.12215
67.75,0.5,261.07215
67.75,0.5,261.02215
67.75,0.5,260.97215
67.75,0.5,260.92215
67.75,0.5,260.87215
67.75,0.5,260.82215
67.75,0.5,260.77215
67.75,0.5,260.72215
67.75,0.5,260.67215
67.75,0.5,260.62215
67.75,0.5,260.57215
67.75,0.5,260.52215
67.75,0.5,260.47215
67.75,0.5,260.42215
67.75,0.5,260.37215
67.75,0.5,260.32215
67.75,0.5,260.27215
67.75,0.5,260.22215
67.75,0.5,260.17215
67.75,0.5,260.12215
67.75,0.5,260.07215
67.75,0.5,260.02215
67.75,0.5,259.97215
67.75,0.5,259.92215
67.75,0.5,259.87215
67.75,0.5,259.82215
67.75,0.5,259.77215
67.75,0.5,259.72215
67.75,0.5,259.67215
67.75,0.5,259.62215
67.75,0.5,259.57215
67.75,0.5,259.52215
67.75,0.5,259.47215
67.75,0.5,259.42215
67.75,0.5,259.37215
67.75,0.5,259.32215
67.75,0.5,259.27215
67.75,0.5,259.22215
67.75,0.5,259.17215
67.75,0.5,259.12215
67.75,0.5,259.07215
67.75,0.5,259.02215
67.75,0.5,258.97215
67.75,0.5,258.92215
67.75,0.5,258.74715
67.75,0.5,258.19715
67.75,0.5,257.14715
68.25,0.5,261.36864
68.25,0.5,261.31864
68.25,0.5,261.26864
68.25,0.5,261.21864
68.25,0.5,261.16865
68.25,0.5,261.11864
68.25,0.5,261.06864
68.25,0.5,261.01864
68.25,0.5,260.96864
68.25,0.5,260.91865
68.25,0.5,260.86864
68.25,0.5,260.81864
68.25,0.5,260.76864
68.25,0.5,260.71864
68.25,0.5,260.66865
68.25,0.5,260.61864
68.25,0.5,260.56864
68.25,0.5,260.51864
68.25,0.5,260.46864
68.25,0.5,260.41865
68.25,0.5,260.36864
68.25,0.5,260.31864
68.25,0.5,260.26864
68.25,0.5,260.21864
68.25,0.5,260.16865
68.25,0.5,260.11864
68.25,0.5,260.06864
68.25,0.5,260.01864
68.25,0.5,259.96864
68.25,0.5,259.91865
68.25,0.5,259.86864
68.25,0.5,259.81864
68.25,0.5,259.76864
68.25,0.5,259.71864
68.25,0.5,259.66865
68.25,0.5,259.61864
68.25,0.5,259.56864
68.25,0.5,259.51864
68.25,0.5,259.46864
68.25,0.5,259.41865
68.25,0.5,259.36864
68.25,0.5,259.31864
68.25,0.5,259.26864
68.25,0.5,259.21864
68.25,0.5,259.16865
68.25,0.5,259.11864
68.25,0.5,259.06864
68.25,0.5,259.01864
68.25,0.5,258.96864
68.25,0.5,258.91865
68.25,0.5,258.74364
68.25,0.5,258.19364
68.25,0.5,257.14364
68.75,0.5,261.36668
68.75,0.5,261.31667
68.75,0.5,261.26668
68.75,0.5,261.21668
68.75,0.5,261.16668
68.75,0.5,261.11668
68.75,0.5,261.06667
68.75,0.5,261.01668
68.75,0.5,260.96668
68.75,0.5,260.91668
68.75,0.5,260.86668
68.75,0.5,260.81667
68.75,0.5,260.76668
68.75,0.5,260.71668
68.75,0.5,260.66668
68.75,0.5,260.61668
68.75,0.5,260.56667
68.75,0.5,260.51668
68.75,0.5,260.46668
68.75,0.5,260.41668
68.75,0.5,260.36668
68.75,0.5,260.31667
68.75,0.5,260.26668
68.75,0.5,260.21668
68.75,0.5,260.16668
68.75,0.5,260.11668
68.75,0.5,260.06667
68.75,0.5,260.01668
68.75,0.5,259.96668
68.75,0.5,259.91668
68.75,0.5,259.86668
68.75,0.5,259.81667
68.75,0.5,259.76668
68.75,0.5,259.71668
68.75,0.5,259.66668
68.75,0.5,259.61668
68.75,0.5,259.56667
68.75,0.5,259.51668
68.75,0.5,259.46668
68.75,0.5,259.41668
68.75,0.5,259.36668
68.75,0.5,259.31667
68.75,0.5,259.26668
68.75,0.5,259.21668
68.75,0.5,259.16668
68.75,0.5,259.11668
68.75,0.5,259.06667
68.75,0.5,259.01668
68.75,0.5,258.96668
68.75,0.5,258.91668
68.75,0.5,258.74168
68.75,0.5,258.19167
68.75,0.5,257.14168
69.25,0.5,261.36839
69.25,0.5,261.31839
69.25,0.5,261.26839
69.25,0.5,261.21839
69.25,0.5,261.16839
69.25,0.5,261.11839
69.25,0.5,261.06839
69.25,0.5,261.01839
69.25,0.5,260.96839
69.25,0.5,260.91839
69.25,0.5,260.86839
69.25,0.5,260.81839
69.25,0.5,260.76839
69.25,0.5,260.71839
69.25,0.5,260.66839
69.25,0.5,260.61839
69.25,0.5,260.56839
69.25,0.5,260.51839
69.25,0.5,260.46839
69.25,0.5,260.41839
69.25,0.5,260.36839
69.25,0.5,260.31839
69.25,0.5,260.26839
69.25,0.5,260.21839
69.25,0.5,260.16839
69.25,0.5,260.11839
69.25,0.5,260.06839
69.25,0.5,260.01839
69.25,0.5,259.96839
69.25,0.5,259.91839
69.25,0.5,259.86839
69.25,0.5,259.81839
69.25,0.5,259.76839
69.25,0.5,259.71839
69.25,0.5,259.66839
69.25,0.5,259.61839
69.25,0.5,259.56839
69.25,0.5,259.51839
69.25,0.5,259.46839
69.25,0.5,259.41839
69.25,0.5,259.36839
69.25,0.5,259.31839
69.25,0.5,259.26839
69.25,0.5,259.21839
69.25,0.5,259.16839
69.25,0.5,259.11839
69.25,0.5,259.06839
69.25,0.5,259.01839
69.25,0.5,258.96839
69.25,0.5,258.91839
69.25,0.5,258.74339
69.25,0.5,258.19339
69.25,0.5,257.14339
69.75,0.5,261.37335
69.75,0.5,261.32336
69.75,0.5,261.27335
69.75,0.5,261.22336
69.75,0.5,261.17336
69.75,0.5,261.12335
69.75,0.5,261.07336
69.75,0.5,261.02335
69.75,0.5,260.97336
69.75,0.5,260.92336
69.75,0.5,260.87335
69.75,0.5,260.82336
69.75,0.5,260.77335
69.75,0.5,260.72336
69.75,0.5,260.67336
69.75,0.5,260.62335
69.75,0.5,260.57336
69.75,0.5,260.52335
69.75,0.5,260.47336
69.75,0.5,260.42336
69.75,0.5,260.37335
69.75,0.5,260.32336
69.75,0.5,260.27335
69.75,0.5,260.22336
69.75,0.5,260.17336
69.75,0.5,260.12335
69.75,0.5,260.07336
69.75,0.5,260.02335
69.75,0.5,259.97336
69.75,0.5,259.92336
69.75,0.5,259.87335
69.75,0.5,259.82336
69.75,0.5,259.77335
69.75,0.5,259.72336
69.75,0.5,259.67336
69.75,0.5,259.62335
69.75,0.5,259.57336
69.75,0.5,259.52335
69.75,0.5,259.47336
69.75,0.5,259.42336
69.75,0.5,259.37335
69.75,0.5,259.32336
69.75,0.5,259.27335
69.75,0.5,259.22336
69.75,0.5,259.17336
69.75,0.5,259.12335
69.75,0.5,259.07336
69.75,0.5,259.02335
69.75,0.5,258.97336
69.75,0.5,258.92336
69.75,0.5,258.74835
69.75,0.5,258.19836
69.75,0.5,257.14835
70.25,0.5,255.60237
70.25,0.5,253.55237
70.25,0.5,251.00237
70.25,0.5,247.95237
70.25,0.5,244.40237
70.75,0.5,255.60568
70.75,0.5,253.55569
70.75,0.5,251.00569
70.75,0.5,247.95569
70.75,0.5,244.40569
71.25,0.5,255.61076
71.25,0.5,253.56075
71.25,0.5,251.01076
71.25,0.5,247.96076
71.25,0.5,244.41076
71.75,0.5,255.61753
71.75,0.5,253.56753
71.75,0.5,251.01753
71.75,0.5,247.96753
71.75,0.5,244.41753
72.25,0.5,255.62555
72.25,0.5,253.57555
72.25,0.5,251.02555
72.25,0.5,247.97556
72.25,0.5,244.42556
70.25,0.5,261.37737
70.25,0.5,261.32737
70.25,0.5,261.27737
70.25,0.5,261.22737
70.25,0.5,261.17738
70.25,0.5,261.12737
70.25,0.5,261.07737
70.25,0.5,261.02737
70.25,0.5,260.97737
70.25,0.5,260.92738
70.25,0.5,260.87737
70.25,0.5,260.82737
70.25,0.5,260.77737
70.25,0.5,260.72737
70.25,0.5,260.67738
70.25,0.5,260.62737
70.25,0.5,260.57737
70.25,0.5,260.52737
70.25,0.5,260.47737
70.25,0.5,260.42738
70.25,0.5,260.37737
70.25,0.5,260.32737
70.25,0.5,260.27737
70.25,0.5,260.22737
70.25,0.5,260.17738
70.25,0.5,260.12737
70.25,0.5,260.07737
70.25,0.5,260.02737
70.25,0.5,259.97737
70.25,0.5,259.92738
70.25,0.5,259.87737
70.25,0.5,259.82737
70.25,0.5,259.77737
70.25,0.5,259.72737
70.25,0.5,259.67738
70.25,0.5,259.62737
70.25,0.5,259.57737
70.25,0.5,259.52737
70.25,0.5,259.47737
70.25,0.5,259.42738
70.25,0.5,259.37737
70.25,0.5,259.32737
70.25,0.5,259.27737
70.25,0.5,259.22737
70.25,0.5,259.17738
70.25,0.5,259.12737
70.25,0.5,259.07737
70.25,0.5,259.02737
70.25,0.5,258.97737
70.25,0.5,258.92738
70.25,0.5,258.75237
70.25,0.5,258.20237
70.25,0.5,257.15237
70.75,0.5,261.38069
70.75,0.5,261.33069
70.75,0.5,261.28069
70.75,0.5,261.23068
70.75,0.5,261.18069
70.75,0.5,261.13069
70.75,0.5,261.08069
70.75,0.5,261.03069
70.75,0.5,260.98068
70.75,0.5,260.93069
70.75,0.5,260.88069
70.75,0.5,260.83069
70.75,0.5,260.78069
70.75,0.5,260.73068
70.75,0.5,260.68069
70.75,0.5,260.63069
70.75,0.5,260.58069
70.75,0.5,260.53069
70.75,0.5,260.48068
70.75,0.5,260.43069
70.75,0.5,260.38069
70.75,0.5,260.33069
70.75,0.5,260.28069
70.75,0.5,260.23068
70.75,0.5,260.18069
70.75,0.5,260.13069
70.75,0.5,260.08069
70.75,0.5,260.03069
70.75,0.5,259.98068
70.75,0.5,259.93069
70.75,0.5,259.88069
70.75,0.5,259.83069
70.75,0.5,259.78069
70.75,0.5,259.73068
70.75,0.5,259.68069
70.75,0.5,259.63069
70.75,0.5,259.58069
70.75,0.5,259.53069
70.75,0.5,259.48068
70.75,0.5,259.43069
70.75,0.5,259.38069
70.75,0.5,259.33069
70.75,0.5,259.28069
70.75,0.5,259.23068
70.75,0.5,259.18069
70.75,0.5,259.13069
70.75,0.5,259.08069
70.75,0.5,259.03069
70.75,0.5,258.98068
70.75,0.5,258.93069
70.75,0.5,258.75569
70.75,0.5,258.20569
70.75,0.5,257.15569
71.25,0.5,261.38576
71.25,0.5,261.33575
71.25,0.5,261.28576
71.25,0.5,261.23576
71.25,0.5,261.18576
71.25,0.5,261.13576
71.25,0.5,261.08575
71.25,0.5,261.03576
71.25,0.5,260.98576
71.25,0.5,260.93576
71.25,0.5,260.88576
71.25,0.5,260.83575
71.25,0.5,260.78576
71.25,0.5,260.73576
71.25,0.5,260.68576
71.25,0.5,260.63576
71.25,0.5,260.58575
71.25,0.5,260.53576
71.25,0.5,260.48576
71.25,0.5,260.43576
71.25,0.5,260.38576
71.25,0.5,260.33575
71.25,0.5,260.28576
71.25,0.5,260.23576
71.25,0.5,260.18576
71.25,0.5,260.13576
71.25,0.5,260.08575
71.25,0.5,260.03576
71.25,0.5,259.98576
71.25,0.5,259.93576
71.25,0.5,259.88576
71.25,0.5,259.83575
71.25,0.5,259.78576
71.25,0.5,259.73576
71.25,0.5,259.68576
71.25,0.5,259.63576
71.25,0.5,259.58575
71.25,0.5,259.53576
71.25,0.5,259.48576
71.25,0.5,259.43576
71.25,0.5,259.38576
71.25,0.5,259.33575
71.25,0.5,259.28576
71.25,0.5,259.23576
71.25,0.5,259.18576
71.25,0.5,259.13576
71.25,0.5,259.08575
71.25,0.5,259.03576
71.25,0.5,258.98576
71.25,0.5,258.93576
71.25,0.5,258.76076
71.25,0.5,258.21075
71.25,0.5,257.16076
71.75,0.5,261.39253
71.75,0.5,261.34253
71.75,0.5,261.29253
71.75,0.5,261.24253
71.75,0.5,261.19254
71.75,0.5,261.14253
71.75,0.5,261.09253
71.75,0.5,261.04253
71.75,0.5,260.99253
71.75,0.5,260.94254
71.75,0.5,260.89253
71.75,0.5,260.84253
71.75,0.5,260.79253
71.75,0.5,260.74253
71.75,0.5,260.69254
71.75,0.5,260.64253
71.75,0.5,260.59253
71.75,0.5,260.54253
71.75,0.5,260.49253
71.75,0.5,260.44254
71.75,0.5,260.39253
71.75,0.5,260.34253
71.75,0.5,260.29253
71.75,0.5,260.24253
71.75,0.5,260.19254
71.75,0.5,260.14253
71.75,0.5,260.09253
71.75,0.5,260.04253
71.75,0.5,259.99253
71.75,0.5,259.94254
71.75,0.5,259.89253
71.75,0.5,259.84253
71.75,0.5,259.79253
71.75,0.5,259.74253
71.75,0.5,259.69254
71.75,0.5,259.64253
71.75,0.5,259.59253
71.75,0.5,259.54253
71.75,0.5,259.49253
71.75,0.5,259.44254
71.75,0.5,259.39253
71.75,0.5,259.34253
71.75,0.5,259.29253
71.75,0.5,259.24253
71.75,0.5,259.19254
71.75,0.5,259.14253
71.75,0.5,259.09253
71.75,0.5,259.04253
71.75,0.5,258.99253
71.75,0.5,258.94254
71.75,0.5,258.76753
71.75,0.5,258.21753
71.75,0.5,257.16753
72.25,0.5,261.40056
72.25,0.5,261.35056
72.25,0.5,261.30055
72.25,0.5,261.25055
72.25,0.5,261.20056
72.25,0.5,261.15056
72.25,0.5,261.10056
72.25,0.5,261.05055
72.25,0.5,261.00055
72.25,0.5,260.95056
72.25,0.5,260.90056
72.25,0.5,260.85056
72.25,0.5,260.80055
72.25,0.5,260.75055
72.25,0.5,260.70056
72.25,0.5,260.65056
72.25,0.5,260.60056
72.25,0.5,260.55055
72.25,0.5,260.50055
72.25,0.5,260.45056
72.25,0.5,260.40056
72.25,0.5,260.35056
72.25,0.5,260.30055
72.25,0.5,260.25055
72.25,0.5,260.20056
72.25,0.5,260.15056
72.25,0.5,260.10056
72.25,0.5,260.05055
72.25,0.5,260.00055
72.25,0.5,259.95056
72.25,0.5,259.90056
72.25,0.5,259.85056
72.25,0.5,259.80055
72.25,0.5,259.75055
72.25,0.5,259.70056
72.25,0.5,259.65056
72.25,0.5,259.60056
72.25,0.5,259.55055
72.25,0.5,259.50055
72.25,0.5,259.45056
72.25,0.5,259.40056
72.25,0.5,259.35056
72.25,0.5,259.30055
72.25,0.5,259.25055
72.25,0.5,259.20056
72.25,0.5,259.15056
72.25,0.5,259.10056
72.25,0.5,259.05055
72.25,0.5,259.00055
72.25,0.5,258.95056
72.25,0.5,258.77556
72.25,0.5,258.22556
72.25,0.5,257.17555
72.75,0.5,255.63459
72.75,0.5,253.58459
72.75,0.5,251.03459
72.75,0.5,247.9846
72.75,0.5,244.43459
73.25,0.5,255.64238
73.25,0.5,253.59237
73.25,0.5,251.04238
73.25,0.5,247.99238
73.25,0.5,244.44238
73.75,0.5,255.64891
73.75,0.5,253.59891
73.75,0.5,251.04891
73.75,0.5,247.99891
73.75,0.5,244.44891
74.25,0.5,255.65422
74.25,0.5,253.60422
74.25,0.5,251.05421
74.25,0.5,248.00422
74.25,0.5,244.45422
72.75,0.5,261.40959
72.75,0.5,261.35959
72.75,0.5,261.30959
72.75,0.5,261.25959
72.75,0.5,261.20959
72.75,0.5,261.15959
72.75,0.5,261.10959
72.75,0.5,261.05959
72.75,0.5,261.00959
72.75,0.5,260.95959
72.75,0.5,260.90959
72.75,0.5,260.85959
72.75,0.5,260.80959
72.75,0.5,260.75959
72.75,0.5,260.70959
72.75,0.5,260.65959
72.75,0.5,260.60959
72.75,0.5,260.55959
72.75,0.5,260.50959
72.75,0.5,260.45959
72.75,0.5,260.40959
72.75,0.5,260.35959
72.75,0.5,260.30959
72.75,0.5,260.25959
72.75,0.5,260.20959
72.75,0.5,260.15959
72.75,0.5,260.10959
72.75,0.5,260.05959
72.75,0.5,260.00959
72.75,0.5,259.95959
72.75,0.5,259.90959
72.75,0.5,259.85959
72.75,0.5,259.80959
72.75,0.5,259.75959
72.75,0.5,259.70959
72.75,0.5,259.65959
72.75,0.5,259.60959
72.75,0.5,259.55959
72.75,0.5,259.50959
72.75,0.5,259.45959
72.75,0.5,259.40959
72.75,0.5,259.35959
72.75,0.5,259.30959
72.75,0.5,259.25959
72.75,0.5,259.20959
72.75,0.5,259.15959
72.75,0.5,259.10959
72.75,0.5,259.05959
72.75,0.5,259.00959
72.75,0.5,258.95959
72.75,0.5,258.78459
72.75,0.5,258.23459
72.75,0.5,257.18459
73.25,0.5,261.41737
73.25,0.5,261.36737
73.25,0.5,261.31738
73.25,0.5,261.26738
73.25,0.5,261.21738
73.25,0.5,261.16737
73.25,0.5,261.11737
73.25,0.5,261.06738
73.25,0.5,261.01738
73.25,0.5,260.96738
73.25,0.5,260.91737
73.25,0.5,260.86737
73.25,0.5,260.81738
73.25,0.5,260.76738
73.25,0.5,260.71738
73.25,0.5,260.66737
73.25,0.5,260.61737
73.25,0.5,260.56738
73.25,0.5,260.51738
73.25,0.5,260.46738
73.25,0.5,260.41737
73.25,0.5,260.36737
73.25,0.5,260.31738
73.25,0.5,260.26738
73.25,0.5,260.21738
73.25,0.5,260.16737
73.25,0.5,260.11737
73.25,0.5,260.06738
73.25,0.5,260.01738
73.25,0.5,259.96738
73.25,0.5,259.91737
73.25,0.5,259.86737
73.25,0.5,259.81738
73.25,0.5,259.76738
73.25,0.5,259.71738
73.25,0.5,259.66737
73.25,0.5,259.61737
73.25,0.5,259.56738
73.25,0.5,259.51738
73.25,0.5,259.46738
73.25,0.5,259.41737
73.25,0.5,259.36737
73.25,0.5,259.31738
73.25,0.5,259.26738
73.25,0.5,259.21738
73.25,0.5,259.16737
73.25,0.5,259.11737
73.25,0.5,259.06738
73.25,0.5,259.01738
73.25,0.5,258.96738
73.25,0.5,258.79237
73.25,0.5,258.24237
73.25,0.5,257.19238
73.75,0.5,261.4239
73.75,0.5,261.3739
73.75,0.5,261.32391
73.75,0.5,261.27391
73.75,0.5,261.22391
73.75,0.5,261.1739
73.75,0.5,261.1239
73.75,0.5,261.07391
73.75,0.5,261.02391
73.75,0.5,260.97391
73.75,0.5,260.9239
73.75,0.5,260.8739
73.75,0.5,260.82391
73.75,0.5,260.77391
73.75,0.5,260.72391
73.75,0.5,260.6739
73.75,0.5,260.6239
73.75,0.5,260.57391
73.75,0.5,260.52391
73.75,0.5,260.47391
73.75,0.5,260.4239
73.75,0.5,260.3739
73.75,0.5,260.32391
73.75,0.5,260.27391
73.75,0.5,260.22391
73.75,0.5,260.1739
73.75,0.5,260.1239
73.75,0.5,260.07391
73.75,0.5,260.02391
73.75,0.5,259.97391
73.75,0.5,259.9239
73.75,0.5,259.8739
73.75,0.5,259.82391
73.75,0.5,259.77391
73.75,0.5,259.72391
73.75,0.5,259.6739
73.75,0.5,259.6239
73.75,0.5,259.57391
73.75,0.5,259.52391
73.75,0.5,259.47391
73.75,0.5,259.4239
73.75,0.5,259.3739
73.75,0.5,259.32391
73.75,0.5,259.27391
73.75,0.5,259.22391
73.75,0.5,259.1739
73.75,0.5,259.1239
73.75,0.5,259.07391
73.75,0.5,259.02391
73.75,0.5,258.97391
73.75,0.5,258.7989
73.75,0.5,258.2489
73.75,0.5,257.19891
74.25,0.5,261.42921
74.25,0.5,261.37921
74.25,0.5,261.32922
74.25,0.5,261.27921
74.25,0.5,261.22922
74.25,0.5,261.17921
74.25,0.5,261.12921
74.25,0.5,261.07922
74.25,0.5,261.02921
74.25,0.5,260.97922
74.25,0.5,260.92921
74.25,0.5,260.87921
74.25,0.5,260.82922
74.25,0.5,260.77921
74.25,0.5,260.72922
74.25,0.5,260.67921
74.25,0.5,260.62921
74.25,0.5,260.57922
74.25,0.5,260.52921
74.25,0.5,260.47922
74.25,0.5,260.42921
74.25,0.5,260.37921
74.25,0.5,260.32922
74.25,0.5,260.27921
74.25,0.5,260.22922
74.25,0.5,260.17921
74.25,0.5,260.12921
74.25,0.5,260.07922
74.25,0.5,260.02921
74.25,0.5,259.97922
74.25,0.5,259.92921
74.25,0.5,259.87921
74.25,0.5,259.82922
74.25,0.5,259.77921
74.25,0.5,259.72922
74.25,0.5,259.67921
74.25,0.5,259.62921
74.25,0.5,259.57922
74.25,0.5,259.52921
74.25,0.5,259.47922
74.25,0.5,259.42921
74.25,0.5,259.37921
74.25,0.5,259.32922
74.25,0.5,259.27921
74.25,0.5,259.22922
74.25,0.5,259.17921
74.25,0.5,259.12921
74.25,0.5,259.07922
74.25,0.5,259.02921
74.25,0.5,258.97922
74.25,0.5,258.80421
74.25,0.5,258.25421
74.25,0.5,257.20422
74.75,0.5,255.65791
74.75,0.5,253.60792
74.75,0.5,251.05791
74.75,0.5,248.00792
74.75,0.5,244.45792
75.25,0.5,255.65662
75.25,0.5,253.60662
75.25,0.5,251.05662
75.25,0.5,248.00661
75.25,0.5,244.45662
75.75,0.5,255.65095
75.75,0.5,253.60095
75.75,0.5,251.05095
75.75,0.5,248.00095
75.75,0.5,244.45095
76.25,0.5,255.6466
76.25,0.5,253.5966
76.25,0.5,251.0466
76.25,0.5,247.9966
76.25,0.5,244.44661
76.75,0.5,255.64371
76.75,0.5,253.59371
76.75,0.5,251.04371
76.75,0.5,247.99372
76.75,0.5,244.44372
74.75,0.5,261.43292
74.75,0.5,261.38292
74.75,0.5,261.33292
74.75,0.5,261.28291
74.75,0.5,261.23293
74.75,0.5,261.18292
74.75,0.5,261.13292
74.75,0.5,261.08292
74.75,0.5,261.03291
74.75,0.5,260.98293
74.75,0.5,260.93292
74.75,0.5,260.88292
74.75,0.5,260.83292
74.75,0.5,260.78291
74.75,0.5,260.73293
74.75,0.5,260.68292
74.75,0.5,260.63292
74.75,0.5,260.58292
74.75,0.5,260.53291
74.75,0.5,260.48293
74.75,0.5,260.43292
74.75,0.5,260.38292
74.75,0.5,260.33292
74.75,0.5,260.28291
74.75,0.5,260.23293
74.75,0.5,260.18292
74.75,0.5,260.13292
74.75,0.5,260.08292
74.75,0.5,260.03291
74.75,0.5,259.98293
74.75,0.5,259.93292
74.75,0.5,259.88292
74.75,0.5,259.83292
74.75,0.5,259.78291
74.75,0.5,259.73293
74.75,0.5,259.68292
74.75,0.5,259.63292
74.75,0.5,259.58292
74.75,0.5,259.53291
74.75,0.5,259.48293
74.75,0.5,259.43292
74.75,0.5,259.38292
74.75,0.5,259.33292
74.75,0.5,259.28291
74.75,0.5,259.23293
74.75,0.5,259.18292
74.75,0.5,259.13292
74.75,0.5,259.08292
74.75,0.5,259.03291
74.75,0.5,258.98293
74.75,0.5,258.80792
74.75,0.5,258.25792
74.75,0.5,257.20792
75.25,0.5,261.43162
75.25,0.5,261.38162
75.25,0.5,261.33162
75.25,0.5,261.28162
75.25,0.5,261.23162
75.25,0.5,261.18162
75.25,0.5,261.13162
75.25,0.5,261.08162
75.25,0.5,261.03162
75.25,0.5,260.98162
75.25,0.5,260.93162
75.25,0.5,260.88162
75.25,0.5,260.83162
75.25,0.5,260.78162
75.25,0.5,260.73162
75.25,0.5,260.68162
75.25,0.5,260.63162
75.25,0.5,260.58162
75.25,0.5,260.53162
75.25,0.5,260.48162
75.25,0.5,260.43162
75.25,0.5,260.38162
75.25,0.5,260.33162
75.25,0.5,260.28162
75.25,0.5,260.23162
75.25,0.5,260.18162
75.25,0.5,260.13162
75.25,0.5,260.08162
75.25,0.5,260.03162
75.25,0.5,259.98162
75.25,0.5,259.93162
75.25,0.5,259.88162
75.25,0.5,259.83162
75.25,0.5,259.78162
75.25,0.5,259.73162
75.25,0.5,259.68162
75.25,0.5,259.63162
75.25,0.5,259.58162
75.25,0.5,259.53162
75.25,0.5,259.48162
75.25,0.5,259.43162
75.25,0.5,259.38162
75.25,0.5,259.33162
75.25,0.5,259.28162
75.25,0.5,259.23162
75.25,0.5,259.18162
75.25,0.5,259.13162
75.25,0.5,259.08162
75.25,0.5,259.03162
75.25,0.5,258.98162
75.25,0.5,258.80662
75.25,0.5,258.25662
75.25,0.5,257.20662
75.75,0.5,261.42595
75.75,0.5,261.37595
75.75,0.5,261.32595
75.75,0.5,261.27595
75.75,0.5,261.22594
75.75,0.5,261.17595
75.75,0.5,261.12595
75.75,0.5,261.07595
75.75,0.5,261.02595
75.75,0.5,260.97594
75.75,0.5,260.92595
75.75,0.5,260.87595
75.75,0.5,260.82595
75.75,0.5,260.77595
75.75,0.5,260.72594
75.75,0.5,260.67595
75.75,0.5,260.62595
75.75,0.5,260.57595
75.75,0.5,260.52595
75.75,0.5,260.47594
75.75,0.5,260.42595
75.75,0.5,260.37595
75.75,0.5,260.32595
75.75,0.5,260.27595
75.75,0.5,260.22594
75.75,0.5,260.17595
75.75,0.5,260.12595
75.75,0.5,260.07595
75.75,0.5,260.02595
75.75,0.5,259.97594
75.75,0.5,259.92595
75.75,0.5,259.87595
75.75,0.5,259.82595
75.75,0.5,259.77595
75.75,0.5,259.72594
75.75,0.5,259.67595
75.75,0.5,259.62595
75.75,0.5,259.57595
75.75,0.5,259.52595
75.75,0.5,259.47594
75.75,0.5,259.42595
75.75,0.5,259.37595
75.75,0.5,259.32595
75.75,0.5,259.27595
75.75,0.5,259.22594
75.75,0.5,259.17595
75.75,0.5,259.12595
75.75,0.5,259.07595
75.75,0.5,259.02595
75.75,0.5,258.97594
75.75,0.5,258.80095
75.75,0.5,258.25095
75.75,0.5,257.20095
76.25,0.5,261.42161
76.25,0.5,261.3716
76.25,0.5,261.3216
76.25,0.5,261.2716
76.25,0.5,261.2216
76.25,0.5,261.17161
76.25,0.5,261.1216
76.25,0.5,261.0716
76.25,0.5,261.0216
76.25,0.5,260.9716
76.25,0.5,260.92161
76.25,0.5,260.8716
76.25,0.5,260.8216
76.25,0.5,260.7716
76.25,0.5,260.7216
76.25,0.5,260.67161
76.25,0.5,260.6216
76.25,0.5,260.5716
76.25,0.5,260.5216
76.25,0.5,260.4716
76.25,0.5,260.42161
76.25,0.5,260.3716
76.25,0.5,260.3216
76.25,0.5,260.2716
76.25,0.5,260.2216
76.25,0.5,260.17161
76.25,0.5,260.1216
76.25,0.5,260.0716
76.25,0.5,260.0216
76.25,0.5,259.9716
76.25,0.5,259.92161
76.25,0.5,259.8716
76.25,0.5,259.8216
76.25,0.5,259.7716
76.25,0.5,259.7216
76.25,0.5,259.67161
76.25,0.5,259.6216
76.25,0.5,259.5716
76.25,0.5,259.5216
76.25,0.5,259.4716
76.25,0.5,259.42161
76.25,0.5,259.3716
76.25,0.5,259.3216
76.25,0.5,259.2716
76.25,0.5,259.2216
76.25,0.5,259.17161
76.25,0.5,259.1216
76.25,0.5,259.0716
76.25,0.5,259.0216
76.25,0.5,258.9716
76.25,0.5,258.79661
76.25,0.5,258.2466
76.25,0.5,257.1966
76.75,0.5,261.41872
76.75,0.5,261.36871
76.75,0.5,261.31871
76.75,0.5,261.26871
76.75,0.5,261.21872
76.75,0.5,261.16872
76.75,0.5,261.11871
76.75,0.5,261.06871
76.75,0.5,261.01871
76.75,0.5,260.96872
76.75,0.5,260.91872
76.75,0.5,260.86871
76.75,0.5,260.81871
76.75,0.5,260.76871
76.75,0.5,260.71872
76.75,0.5,260.66872
76.75,0.5,260.61871
76.75,0.5,260.56871
76.75,0.5,260.51871
76.75,0.5,260.46872
76.75,0.5,260.41872
76.75,0.5,260.36871
76.75,0.5,260.31871
76.75,0.5,260.26871
76.75,0.5,260.21872
76.75,0.5,260.16872
76.75,0.5,260.11871
76.75,0.5,260.06871
76.75,0.5,260.01871
76.75,0.5,259.96872
76.75,0.5,259.91872
76.75,0.5,259.86871
76.75,0.5,259.81871
76.75,0.5,259.76871
76.75,0.5,259.71872
76.75,0.5,259.66872
76.75,0.5,259.61871
76.75,0.5,259.56871
76.75,0.5,259.51871
76.75,0.5,259.46872
76.75,0.5,259.41872
76.75,0.5,259.36871
76.75,0.5,259.31871
76.75,0.5,259.26871
76.75,0.5,259.21872
76.75,0.5,259.16872
76.75,0.5,259.11871
76.75,0.5,259.06871
76.75,0.5,259.01871
76.75,0.5,258.96872
76.75,0.5,258.79372
76.75,0.5,258.24371
76.75,0.5,257.19371
77.25,0.5,255.64337
77.25,0.5,253.59338
77.25,0.5,251.04337
77.25,0.5,247.99337
77.25,0.5,244.44338
77.75,0.5,255.64535
77.75,0.5,253.59535
77.75,0.5,251.04535
77.75,0.5,247.99535
77.75,0.5,244.44535
78.25,0.5,255.64753
78.25,0.5,253.59752
78.25,0.5,251.04752
78.25,0.5,247.99752
78.25,0.5,244.44752
78.75,0.5,255.64993
78.75,0.5,253.59992
78.75,0.5,251.04992
78.75,0.5,247.99992
78.75,0.5,244.44992
79.25,0.5,255.65277
79.25,0.5,253.60277
79.25,0.5,251.05276
79.25,0.5,248.00277
79.25,0.5,244.45277
77.25,0.5,261.41838
77.25,0.5,261.36838
77.25,0.5,261.31837
77.25,0.5,261.26837
77.25,0.5,261.21838
77.25,0.5,261.16838
77.25,0.5,261.11838
77.25,0.5,261.06837
77.25,0.5,261.01837
77.25,0.5,260.96838
77.25,0.5,260.91838
77.25,0.5,260.86838
77.25,0.5,260.81837
77.25,0.5,260.76837
77.25,0.5,260.71838
77.25,0.5,260.66838
77.25,0.5,260.61838
77.25,0.5,260.56837
77.25,0.5,260.51837
77.25,0.5,260.46838
77.25,0.5,260.41838
77.25,0.5,260.36838
77.25,0.5,260.31837
77.25,0.5,260.26837
77.25,0.5,260.21838
77.25,0.5,260.16838
77.25,0.5,260.11838
77.25,0.5,260.06837
77.25,0.5,260.01837
77.25,0.5,259.96838
77.25,0.5,259.91838
77.25,0.5,259.86838
77.25,0.5,259.81837
77.25,0.5,259.76837
77.25,0.5,259.71838
77.25,0.5,259.66838
77.25,0.5,259.61838
77.25,0.5,259.56837
77.25,0.5,259.51837
77.25,0.5,259.46838
77.25,0.5,259.41838
77.25,0.5,259.36838
77.25,0.5,259.31837
77.25,0.5,259.26837
77.25,0.5,259.21838
77.25,0.5,259.16838
77.25,0.5,259.11838
77.25,0.5,259.06837
77.25,0.5,259.01837
77.25,0.5,258.96838
77.25,0.5,258.79338
77.25,0.5,258.24338
77.25,0.5,257.19337
77.75,0.5,261.42035
77.75,0.5,261.37035
77.75,0.5,261.32035
77.75,0.5,261.27035
77.75,0.5,261.22035
77.75,0.5,261.17035
77.75,0.5,261.12035
77.75,0.5,261.07035
77.75,0.5,261.02035
77.75,0.5,260.97035
77.75,0.5,260.92035
77.75,0.5,260.87035
77.75,0.5,260.82035
77.75,0.5,260.77035
77.75,0.5,260.72035
77.75,0.5,260.67035
77.75,0.5,260.62035
77.75,0.5,260.57035
77.75,0.5,260.52035
77.75,0.5,260.47035
77.75,0.5,260.42035
77.75,0.5,260.37035
77.75,0.5,260.32035
77.75,0.5,260.27035
77.75,0.5,260.22035
77.75,0.5,260.17035
77.75,0.5,260.12035
77.75,0.5,260.07035
77.75,0.5,260.02035
77.75,0.5,259.97035
77.75,0.5,259.92035
77.75,0.5,259.87035
77.75,0.5,259.82035
77.75,0.5,259.77035
77.75,0.5,259.72035
77.75,0.5,259.67035
77.75,0.5,259.62035
77.75,0.5,259.57035
77.75,0.5,259.52035
77.75,0.5,259.47035
77.75,0.5,259.42035
77.75,0.5,259.37035
77.75,0.5,259.32035
77.75,0.5,259.27035
77.75,0.5,259.22035
77.75,0.5,259.17035
77.75,0.5,259.12035
77.75,0.5,259.07035
77.75,0.5,259.02035
77.75,0.5,258.97035
77.75,0.5,258.79535
77.75,0.5,258.24535
77.75,0.5,257.19535
78.25,0.5,261.42252
78.25,0.5,261.37251
78.25,0.5,261.32253
78.25,0.5,261.27252
78.25,0.5,261.22252
78.25,0.5,261.17252
78.25,0.5,261.12251
78.25,0.5,261.07253
78.25,0.5,261.02252
78.25,0.5,260.97252
78.25,0.5,260.92252
78.25,0.5,260.87251
78.25,0.5,260.82253
78.25,0.5,260.77252
78.25,0.5,260.72252
78.25,0.5,260.67252
78.25,0.5,260.62251
78.25,0.5,260.57253
78.25,0.5,260.52252
78.25,0.5,260.47252
78.25,0.5,260.42252
78.25,0.5,260.37251
78.25,0.5,260.32253
78.25,0.5,260.27252
78.25,0.5,260.22252
78.25,0.5,260.17252
78.25,0.5,260.12251
78.25,0.5,260.07253
78.25,0.5,260.02252
78.25,0.5,259.97252
78.25,0.5,259.92252
78.25,0.5,259.87251
78.25,0.5,259.82253
78.25,0.5,259.77252
78.25,0.5,259.72252
78.25,0.5,259.67252
78.25,0.5,259.62251
78.25,0.5,259.57253
78.25,0.5,259.52252
78.25,0.5,259.47252
78.25,0.5,259.42252
78.25,0.5,259.37251
78.25,0.5,259.32253
78.25,0.5,259.27252
78.25,0.5,259.22252
78.25,0.5,259.17252
78.25,0.5,259.12251
78.25,0.5,259.07253
78.25,0.5,259.02252
78.25,0.5,258.97252
78.25,0.5,258.79752
78.25,0.5,258.24751
78.25,0.5,257.19753
78.75,0.5,261.42492
78.75,0.5,261.37492
78.75,0.5,261.32492
78.75,0.5,261.27492
78.75,0.5,261.22491
78.75,0.5,261.17492
78.75,0.5,261.12492
78.75,0.5,261.07492
78.75,0.5,261.02492
78.75,0.5,260.97491
78.75,0.5,260.92492
78.75,0.5,260.87492
78.75,0.5,260.82492
78.75,0.5,260.77492
78.75,0.5,260.72491
78.75,0.5,260.67492
78.75,0.5,260.62492
78.75,0.5,260.57492
78.75,0.5,260.52492
78.75,0.5,260.47491
78.75,0.5,260.42492
78.75,0.5,260.37492
78.75,0.5,260.32492
78.75,0.5,260.27492
78.75,0.5,260.22491
78.75,0.5,260.17492
78.75,0.5,260.12492
78.75,0.5,260.07492
78.75,0.5,260.02492
78.75,0.5,259.97491
78.75,0.5,259.92492
78.75,0.5,259.87492
78.75,0.5,259.82492
78.75,0.5,259.77492
78.75,0.5,259.72491
78.75,0.5,259.67492
78.75,0.5,259.62492
78.75,0.5,259.57492
78.75,0.5,259.52492
78.75,0.5,259.47491
78.75,0.5,259.42492
78.75,0.5,259.37492
78.75,0.5,259.32492
78.75,0.5,259.27492
78.75,0.5,259.22491
78.75,0.5,259.17492
78.75,0.5,259.12492
78.75,0.5,259.07492
78.75,0.5,259.02492
78.75,0.5,258.97491
78.75,0.5,258.79992
78.75,0.5,258.24992
78.75,0.5,257.19992
79.25,0.5,261.42777
79.25,0.5,261.37777
79.25,0.5,261.32777
79.25,0.5,261.27776
79.25,0.5,261.22777
79.25,0.5,261.17777
79.25,0.5,261.12777
79.25,0.5,261.07777
79.25,0.5,261.02776
79.25,0.5,260.97777
79.25,0.5,260.92777
79.25,0.5,260.87777
79.25,0.5,260.82777
79.25,0.5,260.77776
79.25,0.5,260.72777
79.25,0.5,260.67777
79.25,0.5,260.62777
79.25,0.5,260.57777
79.25,0.5,260.52776
79.25,0.5,260.47777
79.25,0.5,260.42777
79.25,0.5,260.37777
79.25,0.5,260.32777
79.25,0.5,260.27776
79.25,0.5,260.22777
79.25,0.5,260.17777
79.25,0.5,260.12777
79.25,0.5,260.07777
79.25,0.5,260.02776
79.25,0.5,259.97777
79.25,0.5,259.92777
79.25,0.5,259.87777
79.25,0.5,259.82777
79.25,0.5,259.77776
79.25,0.5,259.72777
79.25,0.5,259.67777
79.25,0.5,259.62777
79.25,0.5,259.57777
79.25,0.5,259.52776
79.25,0.5,259.47777
79.25,0.5,259.42777
79.25,0.5,259.37777
79.25,0.5,259.32777
79.25,0.5,259.27776
79.25,0.5,259.22777
79.25,0.5,259.17777
79.25,0.5,259.12777
79.25,0.5,259.07777
79.25,0.5,259.02776
79.25,0.5,258.97777
79.25,0.5,258.80277
79.25,0.5,258.25277
79.25,0.5,257.20277
79.75,0.5,255.65562
79.75,0.5,253.60562
79.75,0.5,251.05562
79.75,0.5,248.00562
79.75,0.5,244.45562
80.25,0.5,255.65469
80.25,0.5,253.60469
80.25,0.5,251.0547
80.25,0.5,248.00469
80.25,0.5,244.45469
80.75,0.5,255.65011
80.75,0.5,253.60011
80.75,0.5,251.05011
80.75,0.5,248.00011
80.75,0.5,244.45011
81.25,0.5,255.64294
81.25,0.5,253.59295
81.25,0.5,251.04295
81.25,0.5,247.99295
81.25,0.5,244.44295
81.75,0.5,255.6338
81.75,0.5,253.5838
81.75,0.5,251.0338
81.75,0.5,247.98381
81.75,0.5,244.43381
79.75,0.5,261.43062
79.75,0.5,261.38062
79.75,0.5,261.33062
79.75,0.5,261.28062
79.75,0.5,261.23062
79.75,0.5,261.18062
79.75,0.5,261.13062
79.75,0.5,261.08062
79.75,0.5,261.03062
79.75,0.5,260.98062
79.75,0.5,260.93062
79.75,0.5,260.88062
79.75,0.5,260.83062
79.75,0.5,260.78062
79.75,0.5,260.73062
79.75,0.5,260.68062
79.75,0.5,260.63062
79.75,0.5,260.58062
79.75,0.5,260.53062
79.75,0.5,260.48062
79.75,0.5,260.43062
79.75,0.5,260.38062
79.75,0.5,260.33062
79.75,0.5,260.28062
79.75,0.5,260.23062
79.75,0.5,260.18062
79.75,0.5,260.13062
79.75,0.5,260.08062
79.75,0.5,260.03062
79.75,0.5,259.98062
79.75,0.5,259.93062
79.75,0.5,259.88062
79.75,0.5,259.83062
79.75,0.5,259.78062
79.75,0.5,259.73062
79.75,0.5,259.68062
79.75,0.5,259.63062
79.75,0.5,259.58062
79.75,0.5,259.53062
79.75,0.5,259.48062
79.75,0.5,259.43062
79.75,0.5,259.38062
79.75,0.5,259.33062
79.75,0.5,259.28062
79.75,0.5,259.23062
79.75,0.5,259.18062
79.75,0.5,259.13062
79.75,0.5,259.08062
79.75,0.5,259.03062
79.75,0.5,258.98062
79.75,0.5,258.80562
79.75,0.5,258.25562
79.75,0.5,257.20562
80.25,0.5,261.42969
80.25,0.5,261.37968
80.25,0.5,261.3297
80.25,0.5,261.27969
80.25,0.5,261.22969
80.25,0.5,261.17969
80.25,0.5,261.12968
80.25,0.5,261.0797
80.25,0.5,261.02969
80.25,0.5,260.97969
80.25,0.5,260.92969
80.25,0.5,260.87968
80.25,0.5,260.8297
80.25,0.5,260.77969
80.25,0.5,260.72969
80.25,0.5,260.67969
80.25,0.5,260.62968
80.25,0.5,260.5797
80.25,0.5,260.52969
80.25,0.5,260.47969
80.25,0.5,260.42969
80.25,0.5,260.37968
80.25,0.5,260.3297
80.25,0.5,260.27969
80.25,0.5,260.22969
80.25,0.5,260.17969
80.25,0.5,260.12968
80.25,0.5,260.0797
80.25,0.5,260.02969
80.25,0.5,259.97969
80.25,0.5,259.92969
80.25,0.5,259.87968
80.25,0.5,259.8297
80.25,0.5,259.77969
80.25,0.5,259.72969
80.25,0.5,259.67969
80.25,0.5,259.62968
80.25,0.5,259.5797
80.25,0.5,259.52969
80.25,0.5,259.47969
80.25,0.5,259.42969
80.25,0.5,259.37968
80.25,0.5,259.3297
80.25,0.5,259.27969
80.25,0.5,259.22969
80.25,0.5,259.17969
80.25,0.5,259.12968
80.25,0.5,259.0797
80.25,0.5,259.02969
80.25,0.5,258.97969
80.25,0.5,258.80469
80.25,0.5,258.25468
80.25,0.5,257.2047
80.75,0.5,261.42511
80.75,0.5,261.37511
80.75,0.5,261.32511
80.75,0.5,261.27511
80.75,0.5,261.22511
80.75,0.5,261.17511
80.75,0.5,261.12511
80.75,0.5,261.07511
80.75,0.5,261.02511
80.75,0.5,260.97511
80.75,0.5,260.92511
80.75,0.5,260.87511
80.75,0.5,260.82511
80.75,0.5,260.77511
80.75,0.5,260.72511
80.75,0.5,260.67511
80.75,0.5,260.62511
80.75,0.5,260.57511
80.75,0.5,260.52511
80.75,0.5,260.47511
80.75,0.5,260.42511
80.75,0.5,260.37511
80.75,0.5,260.32511
80.75,0.5,260.27511
80.75,0.5,260.22511
80.75,0.5,260.17511
80.75,0.5,260.12511
80.75,0.5,260.07511
80.75,0.5,260.02511
80.75,0.5,259.97511
80.75,0.5,259.92511
80.75,0.5,259.87511
80.75,0.5,259.82511
80.75,0.5,259.77511
80.75,0.5,259.72511
80.75,0.5,259.67511
80.75,0.5,259.62511
80.75,0.5,259.57511
80.75,0.5,259.52511
80.75,0.5,259.47511
80.75,0.5,259.42511
80.75,0.5,259.37511
80.75,0.5,259.32511
80.75,0.5,259.27511
80.75,0.5,259.22511
80.75,0.5,259.17511
80.75,0.5,259.12511
80.75,0.5,259.07511
80.75,0.5,259.02511
80.75,0.5,258.97511
80.75,0.5,258.80011
80.75,0.5,258.25011
80.75,0.5,257.20011
81.25,0.5,261.41795
81.25,0.5,261.36795
81.25,0.5,261.31795
81.25,0.5,261.26794
81.25,0.5,261.21796
81.25,0.5,261.16795
81.25,0.5,261.11795
81.25,0.5,261.06795
81.25,0.5,261.01794
81.25,0.5,260.96796
81.25,0.5,260.91795
81.25,0.5,260.86795
81.25,0.5,260.81795
81.25,0.5,260.76794
81.25,0.5,260.71796
81.25,0.5,260.66795
81.25,0.5,260.61795
81.25,0.5,260.56795
81.25,0.5,260.51794
81.25,0.5,260.46796
81.25,0.5,260.41795
81.25,0.5,260.36795
81.25,0.5,260.31795
81.25,0.5,260.26794
81.25,0.5,260.21796
81.25,0.5,260.16795
81.25,0.5,260.11795
81.25,0.5,260.06795
81.25,0.5,260.01794
81.25,0.5,259.96796
81.25,0.5,259.91795
81.25,0.5,259.86795
81.25,0.5,259.81795
81.25,0.5,259.76794
81.25,0.5,259.71796
81.25,0.5,259.66795
81.25,0.5,259.61795
81.25,0.5,259.56795
81.25,0.5,259.51794
81.25,0.5,259.46796
81.25,0.5,259.41795
81.25,0.5,259.36795
81.25,0.5,259.31795
81.25,0.5,259.26794
81.25,0.5,259.21796
81.25,0.5,259.16795
81.25,0.5,259.11795
81.25,0.5,259.06795
81.25,0.5,259.01794
81.25,0.5,258.96796
81.25,0.5,258.79295
81.25,0.5,258.24295
81.25,0.5,257.19295
81.75,0.5,261.40881
81.75,0.5,261.3588
81.75,0.5,261.3088
81.75,0.5,261.2588
81.75,0.5,261.2088
81.75,0.5,261.15881
81.75,0.5,261.1088
81.75,0.5,261.0588
81.75,0.5,261.0088
81.75,0.5,260.9588
81.75,0.5,260.90881
81.75,0.5,260.8588
81.75,0.5,260.8088
81.75,0.5,260.7588
81.75,0.5,260.7088
81.75,0.5,260.65881
81.75,0.5,260.6088
81.75,0.5,260.5588
81.75,0.5,260.5088
81.75,0.5,260.4588
81.75,0.5,260.40881
81.75,0.5,260.3588
81.75,0.5,260.3088
81.75,0.5,260.2588
81.75,0.5,260.2088
81.75,0.5,260.15881
81.75,0.5,260.1088
81.75,0.5,260.0588
81.75,0.5,260.0088
81.75,0.5,259.9588
81.75,0.5,259.90881
81.75,0.5,259.8588
81.75,0.5,259.8088
81.75,0.5,259.7588
81.75,0.5,259.7088
81.75,0.5,259.65881
81.75,0.5,259.6088
81.75,0.5,259.5588
81.75,0.5,259.5088
81.75,0.5,259.4588
81.75,0.5,259.40881
81.75,0.5,259.3588
81.75,0.5,259.3088
81.75,0.5,259.2588
81.75,0.5,259.2088
81.75,0.5,259.15881
81.75,0.5,259.1088
81.75,0.5,259.0588
81.75,0.5,259.0088
81.75,0.5,258.9588
81.75,0.5,258.78381
81.75,0.5,258.2338
81.75,0.5,257.1838
82.25,0.5,255.62748
82.25,0.5,253.57748
82.25,0.5,251.02748
82.25,0.5,247.97748
82.25,0.5,244.42749
82.75,0.5,255.62445
82.75,0.5,253.57445
82.75,0.5,251.02444
82.75,0.5,247.97444
82.75,0.5,244.42444
83.25,0.5,255.62831
83.25,0.5,253.57831
83.25,0.5,251.02831
83.25,0.5,247.97831
83.25,0.5,244.42831
83.75,0.5,255.63831
83.75,0.5,253.58831
83.75,0.5,251.03831
83.75,0.5,247.98831
83.75,0.5,244.43831
82.25,0.5,261.40248
82.25,0.5,261.35249
82.25,0.5,261.30248
82.25,0.5,261.25248
82.25,0.5,261.20248
82.25,0.5,261.15248
82.25,0.5,261.10249
82.25,0.5,261.05248
82.25,0.5,261.00248
82.25,0.5,260.95248
82.25,0.5,260.90248
82.25,0.5,260.85249
82.25,0.5,260.80248
82.25,0.5,260.75248
82.25,0.5,260.70248
82.25,0.5,260.65248
82.25,0.5,260.60249
82.25,0.5,260.55248
82.25,0.5,260.50248
82.25,0.5,260.45248
82.25,0.5,260.40248
82.25,0.5,260.35249
82.25,0.5,260.30248
82.25,0.5,260.25248
82.25,0.5,260.20248
82.25,0.5,260.15248
82.25,0.5,260.10249
82.25,0.5,260.05248
82.25,0.5,260.00248
82.25,0.5,259.95248
82.25,0.5,259.90248
82.25,0.5,259.85249
82.25,0.5,259.80248
82.25,0.5,259.75248
82.25,0.5,259.70248
82.25,0.5,259.65248
82.25,0.5,259.60249
82.25,0.5,259.55248
82.25,0.5,259.50248
82.25,0.5,259.45248
82.25,0.5,259.40248
82.25,0.5,259.35249
82.25,0.5,259.30248
82.25,0.5,259.25248
82.25,0.5,259.20248
82.25,0.5,259.15248
82.25,0.5,259.10249
82.25,0.5,259.05248
82.25,0.5,259.00248
82.25,0.5,258.95248
82.25,0.5,258.77748
82.25,0.5,258.22749
82.25,0.5,257.17748
82.75,0.5,261.39944
82.75,0.5,261.34945
82.75,0.5,261.29945
82.75,0.5,261.24944
82.75,0.5,261.19944
82.75,0.5,261.14944
82.75,0.5,261.09945
82.75,0.5,261.04945
82.75,0.5,260.99944
82.75,0.5,260.94944
82.75,0.5,260.89944
82.75,0.5,260.84945
82.75,0.5,260.79945
82.75,0.5,260.74944
82.75,0.5,260.69944
82.75,0.5,260.64944
82.75,0.5,260.59945
82.75,0.5,260.54945
82.75,0.5,260.49944
82.75,0.5,260.44944
82.75,0.5,260.39944
82.75,0.5,260.34945
82.75,0.5,260.29945
82.75,0.5,260.24944
82.75,0.5,260.19944
82.75,0.5,260.14944
82.75,0.5,260.09945
82.75,0.5,260.04945
82.75,0.5,259.99944
82.75,0.5,259.94944
82.75,0.5,259.89944
82.75,0.5,259.84945
82.75,0.5,259.79945
82.75,0.5,259.74944
82.75,0.5,259.69944
82.75,0.5,259.64944
82.75,0.5,259.59945
82.75,0.5,259.54945
82.75,0.5,259.49944
82.75,0.5,259.44944
82.75,0.5,259.39944
82.75,0.5,259.34945
82.75,0.5,259.29945
82.75,0.5,259.24944
82.75,0.5,259.19944
82.75,0.5,259.14944
82.75,0.5,259.09945
82.75,0.5,259.04945
82.75,0.5,258.99944
82.75,0.5,258.94944
82.75,0.5,258.77444
82.75,0.5,258.22445
82.75,0.5,257.17445
83.25,0.5,261.40331
83.25,0.5,261.35331
83.25,0.5,261.30331
83.25,0.5,261.25331
83.25,0.5,261.20331
83.25,0.5,261.15331
83.25,0.5,261.10331
83.25,0.5,261.05331
83.25,0.5,261.00331
83.25,0.5,260.95331
83.25,0.5,260.90331
83.25,0.5,260.85331
83.25,0.5,260.80331
83.25,0.5,260.75331
83.25,0.5,260.70331
83.25,0.5,260.65331
83.25,0.5,260.60331
83.25,0.5,260.55331
83.25,0.5,260.50331
83.25,0.5,260.45331
83.25,0.5,260.40331
83.25,0.5,260.35331
83.25,0.5,260.30331
83.25,0.5,260.25331
83.25,0.5,260.20331
83.25,0.5,260.15331
83.25,0.5,260.10331
83.25,0.5,260.05331
83.25,0.5,260.00331
83.25,0.5,259.95331
83.25,0.5,259.90331
83.25,0.5,259.85331
83.25,0.5,259.80331
83.25,0.5,259.75331
83.25,0.5,259.70331
83.25,0.5,259.65331
83.25,0.5,259.60331
83.25,0.5,259.55331
83.25,0.5,259.50331
83.25,0.5,259.45331
83.25,0.5,259.40331
83.25,0.5,259.35331
83.25,0.5,259.30331
83.25,0.5,259.25331
83.25,0.5,259.20331
83.25,0.5,259.15331
83.25,0.5,259.10331
83.25,0.5,259.05331
83.25,0.5,259.00331
83.25,0.5,258.95331
83.25,0.5,258.77831
83.25,0.5,258.22831
83.25,0.5,257.17831
83.75,0.5,261.41331
83.75,0.5,261.36331
83.75,0.5,261.31332
83.75,0.5,261.26331
83.75,0.5,261.21332
83.75,0.5,261.16331
83.75,0.5,261.11331
83.75,0.5,261.06332
83.75,0.5,261.01331
83.75,0.5,260.96332
83.75,0.5,260.91331
83.75,0.5,260.86331
83.75,0.5,260.81332
83.75,0.5,260.76331
83.75,0.5,260.71332
83.75,0.5,260.66331
83.75,0.5,260.61331
83.75,0.5,260.56332
83.75,0.5,260.51331
83.75,0.5,260.46332
83.75,0.5,260.41331
83.75,0.5,260.36331
83.75,0.5,260.31332
83.75,0.5,260.26331
83.75,0.5,260.21332
83.75,0.5,260.16331
83.75,0.5,260.11331
83.75,0.5,260.06332
83.75,0.5,260.01331
83.75,0.5,259.96332
83.75,0.5,259.91331
83.75,0.5,259.86331
83.75,0.5,259.81332
83.75,0.5,259.76331
83.75,0.5,259.71332
83.75,0.5,259.66331
83.75,0.5,259.61331
83.75,0.5,259.56332
83.75,0.5,259.51331
83.75,0.5,259.46332
83.75,0.5,259.41331
83.75,0.5,259.36331
83.75,0.5,259.31332
83.75,0.5,259.26331
83.75,0.5,259.21332
83.75,0.5,259.16331
83.75,0.5,259.11331
83.75,0.5,259.06332
83.75,0.5,259.01331
83.75,0.5,258.96332
83.75,0.5,258.78831
83.75,0.5,258.23831
83.75,0.5,257.18832
84.25,0.5,255.64829
84.25,0.5,253.59829
84.25,0.5,251.04829
84.25,0.5,247.99829
84.25,0.5,244.44829
84.75,0.5,255.65742
84.75,0.5,253.60742
84.75,0.5,251.05742
84.75,0.5,248.00742
84.75,0.5,244.45741
85.25,0.5,255.65918
85.25,0.5,253.60918
85.25,0.5,251.05919
85.25,0.5,248.00919
85.25,0.5,244.45918
85.75,0.5,255.65406
85.75,0.5,253.60406
85.75,0.5,251.05407
85.75,0.5,248.00407
85.75,0.5,244.45406
84.25,0.5,261.42329
84.25,0.5,261.37329
84.25,0.5,261.3233
84.25,0.5,261.27329
84.25,0.5,261.2233
84.25,0.5,261.17329
84.25,0.5,261.12329
84.25,0.5,261.0733
84.25,0.5,261.02329
84.25,0.5,260.9733
84.25,0.5,260.92329
84.25,0.5,260.87329
84.25,0.5,260.8233
84.25,0.5,260.77329
84.25,0.5,260.7233
84.25,0.5,260.67329
84.25,0.5,260.62329
84.25,0.5,260.5733
84.25,0.5,260.52329
84.25,0.5,260.4733
84.25,0.5,260.42329
84.25,0.5,260.37329
84.25,0.5,260.3233
84.25,0.5,260.27329
84.25,0.5,260.2233
84.25,0.5,260.17329
84.25,0.5,260.12329
84.25,0.5,260.0733
84.25,0.5,260.02329
84.25,0.5,259.9733
84.25,0.5,259.92329
84.25,0.5,259.87329
84.25,0.5,259.8233
84.25,0.5,259.77329
84.25,0.5,259.7233
84.25,0.5,259.67329
84.25,0.5,259.62329
84.25,0.5,259.5733
84.25,0.5,259.52329
84.25,0.5,259.4733
84.25,0.5,259.42329
84.25,0.5,259.37329
84.25,0.5,259.3233
84.25,0.5,259.27329
84.25,0.5,259.2233
84.25,0.5,259.17329
84.25,0.5,259.12329
84.25,0.5,259.0733
84.25,0.5,259.02329
84.25,0.5,258.9733
84.25,0.5,258.79829
84.25,0.5,258.24829
84.25,0.5,257.1983
84.75,0.5,261.43241
84.75,0.5,261.38242
84.75,0.5,261.33242
84.75,0.5,261.28242
84.75,0.5,261.23241
84.75,0.5,261.18241
84.75,0.5,261.13242
84.75,0.5,261.08242
84.75,0.5,261.03242
84.75,0.5,260.98241
84.75,0.5,260.93241
84.75,0.5,260.88242
84.75,0.5,260.83242
84.75,0.5,260.78242
84.75,0.5,260.73241
84.75,0.5,260.68241
84.75,0.5,260.63242
84.75,0.5,260.58242
84.75,0.5,260.53242
84.75,0.5,260.48241
84.75,0.5,260.43241
84.75,0.5,260.38242
84.75,0.5,260.33242
84.75,0.5,260.28242
84.75,0.5,260.23241
84.75,0.5,260.18241
84.75,0.5,260.13242
84.75,0.5,260.08242
84.75,0.5,260.03242
84.75,0.5,259.98241
84.75,0.5,259.93241
84.75,0.5,259.88242
84.75,0.5,259.83242
84.75,0.5,259.78242
84.75,0.5,259.73241
84.75,0.5,259.68241
84.75,0.5,259.63242
84.75,0.5,259.58242
84.75,0.5,259.53242
84.75,0.5,259.48241
84.75,0.5,259.43241
84.75,0.5,259.38242
84.75,0.5,259.33242
84.75,0.5,259.28242
84.75,0.5,259.23241
84.75,0.5,259.18241
84.75,0.5,259.13242
84.75,0.5,259.08242
84.75,0.5,259.03242
84.75,0.5,258.98241
84.75,0.5,258.80741
84.75,0.5,258.25742
84.75,0.5,257.20742
85.25,0.5,261.43418
85.25,0.5,261.38419
85.25,0.5,261.33418
85.25,0.5,261.28418
85.25,0.5,261.23418
85.25,0.5,261.18418
85.25,0.5,261.13419
85.25,0.5,261.08418
85.25,0.5,261.03418
85.25,0.5,260.98418
85.25,0.5,260.93418
85.25,0.5,260.88419
85.25,0.5,260.83418
85.25,0.5,260.78418
85.25,0.5,260.73418
85.25,0.5,260.68418
85.25,0.5,260.63419
85.25,0.5,260.58418
85.25,0.5,260.53418
85.25,0.5,260.48418
85.25,0.5,260.43418
85.25,0.5,260.38419
85.25,0.5,260.33418
85.25,0.5,260.28418
85.25,0.5,260.23418
85.25,0.5,260.18418
85.25,0.5,260.13419
85.25,0.5,260.08418
85.25,0.5,260.03418
85.25,0.5,259.98418
85.25,0.5,259.93418
85.25,0.5,259.88419
85.25,0.5,259.83418
85.25,0.5,259.78418
85.25,0.5,259.73418
85.25,0.5,259.68418
85.25,0.5,259.63419
85.25,0.5,259.58418
85.25,0.5,259.53418
85.25,0.5,259.48418
85.25,0.5,259.43418
85.25,0.5,259.38419
85.25,0.5,259.33418
85.25,0.5,259.28418
85.25,0.5,259.23418
85.25,0.5,259.18418
85.25,0.5,259.13419
85.25,0.5,259.08418
85.25,0.5,259.03418
85.25,0.5,258.98418
85.25,0.5,258.80918
85.25,0.5,258.25919
85.25,0.5,257.20918
85.75,0.5,261.42906
85.75,0.5,261.37906
85.75,0.5,261.32906
85.75,0.5,261.27906
85.75,0.5,261.22906
85.75,0.5,261.17906
85.75,0.5,261.12906
85.75,0.5,261.07906
85.75,0.5,261.02906
85.75,0.5,260.97906
85.75,0.5,260.92906
85.75,0.5,260.87906
85.75,0.5,260.82906
85.75,0.5,260.77906
85.75,0.5,260.72906
85.75,0.5,260.67906
85.75,0.5,260.62906
85.75,0.5,260.57906
85.75,0.5,260.52906
85.75,0.5,260.47906
85.75,0.5,260.42906
85.75,0.5,260.37906
85.75,0.5,260.32906
85.75,0.5,260.27906
85.75,0.5,260.22906
85.75,0.5,260.17906
85.75,0.5,260.12906
85.75,0.5,260.07906
85.75,0.5,260.02906
85.75,0.5,259.97906
85.75,0.5,259.92906
85.75,0.5,259.87906
85.75,0.5,259.82906
85.75,0.5,259.77906
85.75,0.5,259.72906
85.75,0.5,259.67906
85.75,0.5,259.62906
85.75,0.5,259.57906
85.75,0.5,259.52906
85.75,0.5,259.47906
85.75,0.5,259.42906
85.75,0.5,259.37906
85.75,0.5,259.32906
85.75,0.5,259.27906
85.75,0.5,259.22906
85.75,0.5,259.17906
85.75,0.5,259.12906
85.75,0.5,259.07906
85.75,0.5,259.02906
85.75,0.5,258.97906
85.75,0.5,258.80406
85.75,0.5,258.25406
85.75,0.5,257.20406
86.25,0.5,255.64574
86.25,0.5,253.59575
86.25,0.5,251.04575
86.25,0.5,247.99574
86.25,0.5,244.44574
86.75,0.5,255.63461
86.75,0.5,253.58461
86.75,0.5,251.03461
86.75,0.5,247.98461
86.75,0.5,244.43461
87.25,0.5,255.6237
87.25,0.5,253.57371
87.25,0.5,251.0237
87.25,0.5,247.9737
87.25,0.5,244.4237
87.75,0.5,255.61372
87.75,0.5,253.56373
87.75,0.5,251.01373
87.75,0.5,247.96373
87.75,0.5,244.41373
88.25,0.5,255.60998
88.25,0.5,253.55998
88.25,0.5,251.00998
88.25,0.5,247.95998
88.25,0.5,244.40998
86.25,0.5,261.42074
86.25,0.5,261.37074
86.25,0.5,261.32074
86.25,0.5,261.27074
86.25,0.5,261.22074
86.25,0.5,261.17074
86.25,0.5,261.12074
86.25,0.5,261.07074
86.25,0.5,261.02074
86.25,0.5,260.97074
86.25,0.5,260.92074
86.25,0.5,260.87074
86.25,0.5,260.82074
86.25,0.5,260.77074
86.25,0.5,260.72074
86.25,0.5,260.67074
86.25,0.5,260.62074
86.25,0.5,260.57074
86.25,0.5,260.52074
86.25,0.5,260.47074
86.25,0.5,260.42074
86.25,0.5,260.37074
86.25,0.5,260.32074
86.25,0.5,260.27074
86.25,0.5,260.22074
86.25,0.5,260.17074
86.25,0.5,260.12074
86.25,0.5,260.07074
86.25,0.5,260.02074
86.25,0.5,259.97074
86.25,0.5,259.92074
86.25,0.5,259.87074
86.25,0.5,259.82074
86.25,0.5,259.77074
86.25,0.5,259.72074
86.25,0.5,259.67074
86.25,0.5,259.62074
86.25,0.5,259.57074
86.25,0.5,259.52074
86.25,0.5,259.47074
86.25,0.5,259.42074
86.25,0.5,259.37074
86.25,0.5,259.32074
86.25,0.5,259.27074
86.25,0.5,259.22074
86.25,0.5,259.17074
86.25,0.5,259.12074
86.25,0.5,259.07074
86.25,0.5,259.02074
86.25,0.5,258.97074
86.25,0.5,258.79574
86.25,0.5,258.24574
86.25,0.5,257.19574
86.75,0.5,261.40961
86.75,0.5,261.35961
86.75,0.5,261.30961
86.75,0.5,261.25961
86.75,0.5,261.20961
86.75,0.5,261.15961
86.75,0.5,261.10961
86.75,0.5,261.05961
86.75,0.5,261.00961
86.75,0.5,260.95961
86.75,0.5,260.90961
86.75,0.5,260.85961
86.75,0.5,260.80961
86.75,0.5,260.75961
86.75,0.5,260.70961
86.75,0.5,260.65961
86.75,0.5,260.60961
86.75,0.5,260.55961
86.75,0.5,260.50961
86.75,0.5,260.45961
86.75,0.5,260.40961
86.75,0.5,260.35961
86.75,0.5,260.30961
86.75,0.5,260.25961
86.75,0.5,260.20961
86.75,0.5,260.15961
86.75,0.5,260.10961
86.75,0.5,260.05961
86.75,0.5,260.00961
86.75,0.5,259.95961
86.75,0.5,259.90961
86.75,0.5,259.85961
86.75,0.5,259.80961
86.75,0.5,259.75961
86.75,0.5,259.70961
86.75,0.5,259.65961
86.75,0.5,259.60961
86.75,0.5,259.55961
86.75,0.5,259.50961
86.75,0.5,259.45961
86.75,0.5,259.40961
86.75,0.5,259.35961
86.75,0.5,259.30961
86.75,0.5,259.25961
86.75,0.5,259.20961
86.75,0.5,259.15961
86.75,0.5,259.10961
86.75,0.5,259.05961
86.75,0.5,259.00961
86.75,0.5,258.95961
86.75,0.5,258.78461
86.75,0.5,258.23461
86.75,0.5,257.18461
87.25,0.5,261.3987
87.25,0.5,261.34871
87.25,0.5,261.29871
87.25,0.5,261.2487
87.25,0.5,261.19871
87.25,0.5,261.1487
87.25,0.5,261.09871
87.25,0.5,261.04871
87.25,0.5,260.9987
87.25,0.5,260.94871
87.25,0.5,260.8987
87.25,0.5,260.84871
87.25,0.5,260.79871
87.25,0.5,260.7487
87.25,0.5,260.69871
87.25,0.5,260.6487
87.25,0.5,260.59871
87.25,0.5,260.54871
87.25,0.5,260.4987
87.25,0.5,260.44871
87.25,0.5,260.3987
87.25,0.5,260.34871
87.25,0.5,260.29871
87.25,0.5,260.2487
87.25,0.5,260.19871
87.25,0.5,260.1487
87.25,0.5,260.09871
87.25,0.5,260.04871
87.25,0.5,259.9987
87.25,0.5,259.94871
87.25,0.5,259.8987
87.25,0.5,259.84871
87.25,0.5,259.79871
87.25,0.5,259.7487
87.25,0.5,259.69871
87.25,0.5,259.6487
87.25,0.5,259.59871
87.25,0.5,259.54871
87.25,0.5,259.4987
87.25,0.5,259.44871
87.25,0.5,259.3987
87.25,0.5,259.34871
87.25,0.5,259.29871
87.25,0.5,259.2487
87.25,0.5,259.19871
87.25,0.5,259.1487
87.25,0.5,259.09871
87.25,0.5,259.04871
87.25,0.5,258.9987
87.25,0.5,258.94871
87.25,0.5,258.7737
87.25,0.5,258.22371
87.25,0.5,257.17371
87.75,0.5,261.38873
87.75,0.5,261.33873
87.75,0.5,261.28873
87.75,0.5,261.23872
87.75,0.5,261.18874
87.75,0.5,261.13873
87.75,0.5,261.08873
87.75,0.5,261.03873
87.75,0.5,260.98872
87.75,0.5,260.93874
87.75,0.5,260.88873
87.75,0.5,260.83873
87.75,0.5,260.78873
87.75,0.5,260.73872
87.75,0.5,260.68874
87.75,0.5,260.63873
87.75,0.5,260.58873
87.75,0.5,260.53873
87.75,0.5,260.48872
87.75,0.5,260.43874
87.75,0.5,260.38873
87.75,0.5,260.33873
87.75,0.5,260.28873
87.75,0.5,260.23872
87.75,0.5,260.18874
87.75,0.5,260.13873
87.75,0.5,260.08873
87.75,0.5,260.03873
87.75,0.5,259.98872
87.75,0.5,259.93874
87.75,0.5,259.88873
87.75,0.5,259.83873
87.75,0.5,259.78873
87.75,0.5,259.73872
87.75,0.5,259.68874
87.75,0.5,259.63873
87.75,0.5,259.58873
87.75,0.5,259.53873
87.75,0.5,259.48872
87.75,0.5,259.43874
87.75,0.5,259.38873
87.75,0.5,259.33873
87.75,0.5,259.28873
87.75,0.5,259.23872
87.75,0.5,259.18874
87.75,0.5,259.13873
87.75,0.5,259.08873
87.75,0.5,259.03873
87.75,0.5,258.98872
87.75,0.5,258.93874
87.75,0.5,258.76373
87.75,0.5,258.21373
87.75,0.5,257.16373
88.25,0.5,261.38499
88.25,0.5,261.33498
88.25,0.5,261.28498
88.25,0.5,261.23498
88.25,0.5,261.18498
88.25,0.5,261.13499
88.25,0.5,261.08498
88.25,0.5,261.03498
88.25,0.5,260.98498
88.25,0.5,260.93498
88.25,0.5,260.88499
88.25,0.5,260.83498
88.25,0.5,260.78498
88.25,0.5,260.73498
88.25,0.5,260.68498
88.25,0.5,260.63499
88.25,0.5,260.58498
88.25,0.5,260.53498
88.25,0.5,260.48498
88.25,0.5,260.43498
88.25,0.5,260.38499
88.25,0.5,260.33498
88.25,0.5,260.28498
88.25,0.5,260.23498
88.25,0.5,260.18498
88.25,0.5,260.13499
88.25,0.5,260.08498
88.25,0.5,260.03498
88.25,0.5,259.98498
88.25,0.5,259.93498
88.25,0.5,259.88499
88.25,0.5,259.83498
88.25,0.5,259.78498
88.25,0.5,259.73498
88.25,0.5,259.68498
88.25,0.5,259.63499
88.25,0.5,259.58498
88.25,0.5,259.53498
88.25,0.5,259.48498
88.25,0.5,259.43498
88.25,0.5,259.38499
88.25,0.5,259.33498
88.25,0.5,259.28498
88.25,0.5,259.23498
88.25,0.5,259.18498
88.25,0.5,259.13499
88.25,0.5,259.08498
88.25,0.5,259.03498
88.25,0.5,258.98498
88.25,0.5,258.93498
88.25,0.5,258.75999
88.25,0.5,258.20998
88.25,0.5,257.15998
88.75,0.5,255.61235
88.75,0.5,253.56235
88.75,0.5,251.01234
88.75,0.5,247.96235
88.75,0.5,244.41235
89.25,0.5,255.61988
89.25,0.5,253.56989
89.25,0.5,251.01989
89.25,0.5,247.96989
89.25,0.5,244.41989
89.75,0.5,255.63205
89.75,0.5,253.58205
89.75,0.5,251.03206
89.75,0.5,247.98206
89.75,0.5,244.43205
90.25,0.5,255.6447
90.25,0.5,253.59469
90.25,0.5,251.0447
90.25,0.5,247.9947
90.25,0.5,244.44469
88.75,0.5,261.38735
88.75,0.5,261.33735
88.75,0.5,261.28735
88.75,0.5,261.23734
88.75,0.5,261.18735
88.75,0.5,261.13735
88.75,0.5,261.08735
88.75,0.5,261.03735
88.75,0.5,260.98734
88.75,0.5,260.93735
88.75,0.5,260.88735
88.75,0.5,260.83735
88.75,0.5,260.78735
88.75,0.5,260.73734
88.75,0.5,260.68735
88.75,0.5,260.63735
88.75,0.5,260.58735
88.75,0.5,260.53735
88.75,0.5,260.48734
88.75,0.5,260.43735
88.75,0.5,260.38735
88.75,0.5,260.33735
88.75,0.5,260.28735
88.75,0.5,260.23734
88.75,0.5,260.18735
88.75,0.5,260.13735
88.75,0.5,260.08735
88.75,0.5,260.03735
88.75,0.5,259.98734
88.75,0.5,259.93735
88.75,0.5,259.88735
88.75,0.5,259.83735
88.75,0.5,259.78735
88.75,0.5,259.73734
88.75,0.5,259.68735
88.75,0.5,259.63735
88.75,0.5,259.58735
88.75,0.5,259.53735
88.75,0.5,259.48734
88.75,0.5,259.43735
88.75,0.5,259.38735
88.75,0.5,259.33735
88.75,0.5,259.28735
88.75,0.5,259.23734
88.75,0.5,259.18735
88.75,0.5,259.13735
88.75,0.5,259.08735
88.75,0.5,259.03735
88.75,0.5,258.98734
88.75,0.5,258.93735
88.75,0.5,258.76235
88.75,0.5,258.21235
88.75,0.5,257.16235
89.25,0.5,261.39489
89.25,0.5,261.34489
89.25,0.5,261.29489
89.25,0.5,261.24489
89.25,0.5,261.19489
89.25,0.5,261.14489
89.25,0.5,261.09489
89.25,0.5,261.04489
89.25,0.5,260.99489
89.25,0.5,260.94489
89.25,0.5,260.89489
89.25,0.5,260.84489
89.25,0.5,260.79489
89.25,0.5,260.74489
89.25,0.5,260.69489
89.25,0.5,260.64489
89.25,0.5,260.59489
89.25,0.5,260.54489
89.25,0.5,260.49489
89.25,0.5,260.44489
89.25,0.5,260.39489
89.25,0.5,260.34489
89.25,0.5,260.29489
89.25,0.5,260.24489
89.25,0.5,260.19489
89.25,0.5,260.14489
89.25,0.5,260.09489
89.25,0.5,260.04489
89.25,0.5,259.99489
89.25,0.5,259.94489
89.25,0.5,259.89489
89.25,0.5,259.84489
89.25,0.5,259.79489
89.25,0.5,259.74489
89.25,0.5,259.69489
89.25,0.5,259.64489
89.25,0.5,259.59489
89.25,0.5,259.54489
89.25,0.5,259.49489
89.25,0.5,259.44489
89.25,0.5,259.39489
89.25,0.5,259.34489
89.25,0.5,259.29489
89.25,0.5,259.24489
89.25,0.5,259.19489
89.25,0.5,259.14489
89.25,0.5,259.09489
89.25,0.5,259.04489
89.25,0.5,258.99489
89.25,0.5,258.94489
89.25,0.5,258.76989
89.25,0.5,258.21989
89.25,0.5,257.16989
89.75,0.5,261.40705
89.75,0.5,261.35706
89.75,0.5,261.30706
89.75,0.5,261.25706
89.75,0.5,261.20705
89.75,0.5,261.15705
89.75,0.5,261.10706
89.75,0.5,261.05706
89.75,0.5,261.00706
89.75,0.5,260.95705
89.75,0.5,260.90705
89.75,0.5,260.85706
89.75,0.5,260.80706
89.75,0.5,260.75706
89.75,0.5,260.70705
89.75,0.5,260.65705
89.75,0.5,260.60706
89.75,0.5,260.55706
89.75,0.5,260.50706
89.75,0.5,260.45705
89.75,0.5,260.40705
89.75,0.5,260.35706
89.75,0.5,260.30706
89.75,0.5,260.25706
89.75,0.5,260.20705
89.75,0.5,260.15705
89.75,0.5,260.10706
89.75,0.5,260.05706
89.75,0.5,260.00706
89.75,0.5,259.95705
89.75,0.5,259.90705
89.75,0.5,259.85706
89.75,0.5,259.80706
89.75,0.5,259.75706
89.75,0.5,259.70705
89.75,0.5,259.65705
89.75,0.5,259.60706
89.75,0.5,259.55706
89.75,0.5,259.50706
89.75,0.5,259.45705
89.75,0.5,259.40705
89.75,0.5,259.35706
89.75,0.5,259.30706
89.75,0.5,259.25706
89.75,0.5,259.20705
89.75,0.5,259.15705
89.75,0.5,259.10706
89.75,0.5,259.05706
89.75,0.5,259.00706
89.75,0.5,258.95705
89.75,0.5,258.78205
89.75,0.5,258.23206
89.75,0.5,257.18206
90.25,0.5,261.41969
90.25,0.5,261.36969
90.25,0.5,261.3197
90.25,0.5,261.2697
90.25,0.5,261.2197
90.25,0.5,261.16969
90.25,0.5,261.11969
90.25,0.5,261.0697
90.25,0.5,261.0197
90.25,0.5,260.9697
90.25,0.5,260.91969
90.25,0.5,260.86969
90.25,0.5,260.8197
90.25,0.5,260.7697
90.25,0.5,260.7197
90.25,0.5,260.66969
90.25,0.5,260.61969
90.25,0.5,260.5697
90.25,0.5,260.5197
90.25,0.5,260.4697
90.25,0.5,260.41969
90.25,0.5,260.36969
90.25,0.5,260.3197
90.25,0.5,260.2697
90.25,0.5,260.2197
90.25,0.5,260.16969
90.25,0.5,260.11969
90.25,0.5,260.0697
90.25,0.5,260.0197
90.25,0.5,259.9697
90.25,0.5,259.91969
90.25,0.5,259.86969
90.25,0.5,259.8197
90.25,0.5,259.7697
90.25,0.5,259.7197
90.25,0.5,259.66969
90.25,0.5,259.61969
90.25,0.5,259.5697
90.25,0.5,259.5197
90.25,0.5,259.4697
90.25,0.5,259.41969
90.25,0.5,259.36969
90.25,0.5,259.3197
90.25,0.5,259.2697
90.25,0.5,259.2197
90.25,0.5,259.16969
90.25,0.5,259.11969
90.25,0.5,259.0697
90.25,0.5,259.0197
90.25,0.5,258.9697
90.25,0.5,258.79469
90.25,0.5,258.24469
90.25,0.5,257.1947
90.75,0.5,255.65746
90.75,0.5,253.60745
90.75,0.5,251.05745
90.75,0.5,248.00745
90.75,0.5,244.45745
91.25,0.5,255.66771
91.25,0.5,253.6177
91.25,0.5,251.06771
91.25,0.5,248.01771
91.25,0.5,244.4677
91.75,0.5,255.67532
91.75,0.5,253.62531
91.75,0.5,251.07532
91.75,0.5,248.02532
91.75,0.5,244.47532
92.25,0.5,255.67933
92.25,0.5,253.62933
92.25,0.5,251.07933
92.25,0.5,248.02933
92.25,0.5,244.47933
90.75,0.5,261.43245
90.75,0.5,261.38245
90.75,0.5,261.33246
90.75,0.5,261.28246
90.75,0.5,261.23245
90.75,0.5,261.18245
90.75,0.5,261.13245
90.75,0.5,261.08246
90.75,0.5,261.03246
90.75,0.5,260.98245
90.75,0.5,260.93245
90.75,0.5,260.88245
90.75,0.5,260.83246
90.75,0.5,260.78246
90.75,0.5,260.73245
90.75,0.5,260.68245
90.75,0.5,260.63245
90.75,0.5,260.58246
90.75,0.5,260.53246
90.75,0.5,260.48245
90.75,0.5,260.43245
90.75,0.5,260.38245
90.75,0.5,260.33246
90.75,0.5,260.28246
90.75,0.5,260.23245
90.75,0.5,260.18245
90.75,0.5,260.13245
90.75,0.5,260.08246
90.75,0.5,260.03246
90.75,0.5,259.98245
90.75,0.5,259.93245
90.75,0.5,259.88245
90.75,0.5,259.83246
90.75,0.5,259.78246
90.75,0.5,259.73245
90.75,0.5,259.68245
90.75,0.5,259.63245
90.75,0.5,259.58246
90.75,0.5,259.53246
90.75,0.5,259.48245
90.75,0.5,259.43245
90.75,0.5,259.38245
90.75,0.5,259.33246
90.75,0.5,259.28246
90.75,0.5,259.23245
90.75,0.5,259.18245
90.75,0.5,259.13245
90.75,0.5,259.08246
90.75,0.5,259.03246
90.75,0.5,258.98245
90.75,0.5,258.80745
90.75,0.5,258.25745
90.75,0.5,257.20746
91.25,0.5,261.4427
91.25,0.5,261.3927
91.25,0.5,261.34271
91.25,0.5,261.29271
91.25,0.5,261.24271
91.25,0.5,261.1927
91.25,0.5,261.1427
91.25,0.5,261.09271
91.25,0.5,261.04271
91.25,0.5,260.99271
91.25,0.5,260.9427
91.25,0.5,260.8927
91.25,0.5,260.84271
91.25,0.5,260.79271
91.25,0.5,260.74271
91.25,0.5,260.6927
91.25,0.5,260.6427
91.25,0.5,260.59271
91.25,0.5,260.54271
91.25,0.5,260.49271
91.25,0.5,260.4427
91.25,0.5,260.3927
91.25,0.5,260.34271
91.25,0.5,260.29271
91.25,0.5,260.24271
91.25,0.5,260.1927
91.25,0.5,260.1427
91.25,0.5,260.09271
91.25,0.5,260.04271
91.25,0.5,259.99271
91.25,0.5,259.9427
91.25,0.5,259.8927
91.25,0.5,259.84271
91.25,0.5,259.79271
91.25,0.5,259.74271
91.25,0.5,259.6927
91.25,0.5,259.6427
91.25,0.5,259.59271
91.25,0.5,259.54271
91.25,0.5,259.49271
91.25,0.5,259.4427
91.25,0.5,259.3927
91.25,0.5,259.34271
91.25,0.5,259.29271
91.25,0.5,259.24271
91.25,0.5,259.1927
91.25,0.5,259.1427
91.25,0.5,259.09271
91.25,0.5,259.04271
91.25,0.5,258.99271
91.25,0.5,258.8177
91.25,0.5,258.2677
91.25,0.5,257.21771
91.75,0.5,261.45032
91.75,0.5,261.40031
91.75,0.5,261.35033
91.75,0.5,261.30032
91.75,0.5,261.25032
91.75,0.5,261.20032
91.75,0.5,261.15031
91.75,0.5,261.10033
91.75,0.5,261.05032
91.75,0.5,261.00032
91.75,0.5,260.95032
91.75,0.5,260.90031
91.75,0.5,260.85033
91.75,0.5,260.80032
91.75,0.5,260.75032
91.75,0.5,260.70032
91.75,0.5,260.65031
91.75,0.5,260.60033
91.75,0.5,260.55032
91.75,0.5,260.50032
91.75,0.5,260.45032
91.75,0.5,260.40031
91.75,0.5,260.35033
91.75,0.5,260.30032
91.75,0.5,260.25032
91.75,0.5,260.20032
91.75,0.5,260.15031
91.75,0.5,260.10033
91.75,0.5,260.05032
91.75,0.5,260.00032
91.75,0.5,259.95032
91.75,0.5,259.90031
91.75,0.5,259.85033
91.75,0.5,259.80032
91.75,0.5,259.75032
91.75,0.5,259.70032
91.75,0.5,259.65031
91.75,0.5,259.60033
91.75,0.5,259.55032
91.75,0.5,259.50032
91.75,0.5,259.45032
91.75,0.5,259.40031
91.75,0.5,259.35033
91.75,0.5,259.30032
91.75,0.5,259.25032
91.75,0.5,259.20032
91.75,0.5,259.15031
91.75,0.5,259.10033
91.75,0.5,259.05032
91.75,0.5,259.00032
91.75,0.5,258.82532
91.75,0.5,258.27531
91.75,0.5,257.22533
92.25,0.5,261.45433
92.25,0.5,261.40433
92.25,0.5,261.35433
92.25,0.5,261.30433
92.25,0.5,261.25433
92.25,0.5,261.20433
92.25,0.5,261.15433
92.25,0.5,261.10433
92.25,0.5,261.05433
92.25,0.5,261.00433
92.25,0.5,260.95433
92.25,0.5,260.90433
92.25,0.5,260.85433
92.25,0.5,260.80433
92.25,0.5,260.75433
92.25,0.5,260.70433
92.25,0.5,260.65433
92.25,0.5,260.60433
92.25,0.5,260.55433
92.25,0.5,260.50433
92.25,0.5,260.45433
92.25,0.5,260.40433
92.25,0.5,260.35433
92.25,0.5,260.30433
92.25,0.5,260.25433
92.25,0.5,260.20433
92.25,0.5,260.15433
92.25,0.5,260.10433
92.25,0.5,260.05433
92.25,0.5,260.00433
92.25,0.5,259.95433
92.25,0.5,259.90433
92.25,0.5,259.85433
92.25,0.5,259.80433
92.25,0.5,259.75433
92.25,0.5,259.70433
92.25,0.5,259.65433
92.25,0.5,259.60433
92.25,0.5,259.55433
92.25,0.5,259.50433
92.25,0.5,259.45433
92.25,0.5,259.40433
92.25,0.5,259.35433
92.25,0.5,259.30433
92.25,0.5,259.25433
92.25,0.5,259.20433
92.25,0.5,259.15433
92.25,0.5,259.10433
92.25,0.5,259.05433
92.25,0.5,259.00433
92.25,0.5,258.82933
92.25,0.5,258.27933
92.25,0.5,257.22933
92.75,0.5,255.68026
92.75,0.5,253.63026
92.75,0.5,251.08026
92.75,0.5,248.03026
92.75,0.5,244.48026
93.25,0.5,255.68184
93.25,0.5,253.63184
93.25,0.5,251.08185
93.25,0.5,248.03185
93.25,0.5,244.48184
93.75,0.5,255.68435
93.75,0.5,253.63435
93.75,0.5,251.08435
93.75,0.5,248.03436
93.75,0.5,244.48435
94.25,0.5,255.68971
94.25,0.5,253.63971
94.25,0.5,251.08971
94.25,0.5,248.03971
94.25,0.5,244.48972
92.75,0.5,261.45526
92.75,0.5,261.40526
92.75,0.5,261.35526
92.75,0.5,261.30526
92.75,0.5,261.25526
92.75,0.5,261.20526
92.75,0.5,261.15526
92.75,0.5,261.10526
92.75,0.5,261.05526
92.75,0.5,261.00526
92.75,0.5,260.95526
92.75,0.5,260.90526
92.75,0.5,260.85526
92.75,0.5,260.80526
92.75,0.5,260.75526
92.75,0.5,260.70526
92.75,0.5,260.65526
92.75,0.5,260.60526
92.75,0.5,260.55526
92.75,0.5,260.50526
92.75,0.5,260.45526
92.75,0.5,260.40526
92.75,0.5,260.35526
92.75,0.5,260.30526
92.75,0.5,260.25526
92.75,0.5,260.20526
92.75,0.5,260.15526
92.75,0.5,260.10526
92.75,0.5,260.05526
92.75,0.5,260.00526
92.75,0.5,259.95526
92.75,0.5,259.90526
92.75,0.5,259.85526
92.75,0.5,259.80526
92.75,0.5,259.75526
92.75,0.5,259.70526
92.75,0.5,259.65526
92.75,0.5,259.60526
92.75,0.5,259.55526
92.75,0.5,259.50526
92.75,0.5,259.45526
92.75,0.5,259.40526
92.75,0.5,259.35526
92.75,0.5,259.30526
92.75,0.5,259.25526
92.75,0.5,259.20526
92.75,0.5,259.15526
92.75,0.5,259.10526
92.75,0.5,259.05526
92.75,0.5,259.00526
92.75,0.5,258.83026
92.75,0.5,258.28026
92.75,0.5,257.23026
93.25,0.5,261.45684
93.25,0.5,261.40684
93.25,0.5,261.35684
93.25,0.5,261.30685
93.25,0.5,261.25684
93.25,0.5,261.20684
93.25,0.5,261.15684
93.25,0.5,261.10684
93.25,0.5,261.05685
93.25,0.5,261.00684
93.25,0.5,260.95684
93.25,0.5,260.90684
93.25,0.5,260.85684
93.25,0.5,260.80685
93.25,0.5,260.75684
93.25,0.5,260.70684
93.25,0.5,260.65684
93.25,0.5,260.60684
93.25,0.5,260.55685
93.25,0.5,260.50684
93.25,0.5,260.45684
93.25,0.5,260.40684
93.25,0.5,260.35684
93.25,0.5,260.30685
93.25,0.5,260.25684
93.25,0.5,260.20684
93.25,0.5,260.15684
93.25,0.5,260.10684
93.25,0.5,260.05685
93.25,0.5,260.00684
93.25,0.5,259.95684
93.25,0.5,259.90684
93.25,0.5,259.85684
93.25,0.5,259.80685
93.25,0.5,259.75684
93.25,0.5,259.70684
93.25,0.5,259.65684
93.25,0.5,259.60684
93.25,0.5,259.55685
93.25,0.5,259.50684
93.25,0.5,259.45684
93.25,0.5,259.40684
93.25,0.5,259.35684
93.25,0.5,259.30685
93.25,0.5,259.25684
93.25,0.5,259.20684
93.25,0.5,259.15684
93.25,0.5,259.10684
93.25,0.5,259.05685
93.25,0.5,259.00684
93.25,0.5,258.83184
93.25,0.5,258.28184
93.25,0.5,257.23184
93.75,0.5,261.45935
93.75,0.5,261.40935
93.75,0.5,261.35934
93.75,0.5,261.30936
93.75,0.5,261.25935
93.75,0.5,261.20935
93.75,0.5,261.15935
93.75,0.5,261.10934
93.75,0.5,261.05936
93.75,0.5,261.00935
93.75,0.5,260.95935
93.75,0.5,260.90935
93.75,0.5,260.85934
93.75,0.5,260.80936
93.75,0.5,260.75935
93.75,0.5,260.70935
93.75,0.5,260.65935
93.75,0.5,260.60934
93.75,0.5,260.55936
93.75,0.5,260.50935
93.75,0.5,260.45935
93.75,0.5,260.40935
93.75,0.5,260.35934
93.75,0.5,260.30936
93.75,0.5,260.25935
93.75,0.5,260.20935
93.75,0.5,260.15935
93.75,0.5,260.10934
93.75,0.5,260.05936
93.75,0.5,260.00935
93.75,0.5,259.95935
93.75,0.5,259.90935
93.75,0.5,259.85934
93.75,0.5,259.80936
93.75,0.5,259.75935
93.75,0.5,259.70935
93.75,0.5,259.65935
93.75,0.5,259.60934
93.75,0.5,259.55936
93.75,0.5,259.50935
93.75,0.5,259.45935
93.75,0.5,259.40935
93.75,0.5,259.35934
93.75,0.5,259.30936
93.75,0.5,259.25935
93.75,0.5,259.20935
93.75,0.5,259.15935
93.75,0.5,259.10934
93.75,0.5,259.05936
93.75,0.5,259.00935
93.75,0.5,258.83435
93.75,0.5,258.28435
93.75,0.5,257.23434
94.25,0.5,261.46471
94.25,0.5,261.41471
94.25,0.5,261.36471
94.25,0.5,261.31471
94.25,0.5,261.26472
94.25,0.5,261.21471
94.25,0.5,261.16471
94.25,0.5,261.11471
94.25,0.5,261.06471
94.25,0.5,261.01472
94.25,0.5,260.96471
94.25,0.5,260.91471
94.25,0.5,260.86471
94.25,0.5,260.81471
94.25,0.5,260.76472
94.25,0.5,260.71471
94.25,0.5,260.66471
94.25,0.5,260.61471
94.25,0.5,260.56471
94.25,0.5,260.51472
94.25,0.5,260.46471
94.25,0.5,260.41471
94.25,0.5,260.36471
94.25,0.5,260.31471
94.25,0.5,260.26472
94.25,0.5,260.21471
94.25,0.5,260.16471
94.25,0.5,260.11471
94.25,0.5,260.06471
94.25,0.5,260.01472
94.25,0.5,259.96471
94.25,0.5,259.91471
94.25,0.5,259.86471
94.25,0.5,259.81471
94.25,0.5,259.76472
94.25,0.5,259.71471
94.25,0.5,259.66471
94.25,0.5,259.61471
94.25,0.5,259.56471
94.25,0.5,259.51472
94.25,0.5,259.46471
94.25,0.5,259.41471
94.25,0.5,259.36471
94.25,0.5,259.31471
94.25,0.5,259.26472
94.25,0.5,259.21471
94.25,0.5,259.16471
94.25,0.5,259.11471
94.25,0.5,259.06471
94.25,0.5,259.01472
94.25,0.5,258.83971
94.25,0.5,258.28971
94.25,0.5,257.23971
94.75,0.5,255.69797
94.75,0.5,253.64797
94.75,0.5,251.09797
94.75,0.5,248.04797
94.75,0.5,244.49797
95.25,0.5,255.70943
95.25,0.5,253.65944
95.25,0.5,251.10944
95.25,0.5,248.05943
95.25,0.5,244.50943
95.75,0.5,255.72342
95.75,0.5,253.67342
95.75,0.5,251.12342
95.75,0.5,248.07343
95.75,0.5,244.52342
96.25,0.5,255.73528
96.25,0.5,253.68528
96.25,0.5,251.13528
96.25,0.5,248.08529
96.25,0.5,244.53529
96.75,0.5,255.74543
96.75,0.5,253.69543
96.75,0.5,251.14542
96.75,0.5,248.09542
96.75,0.5,244.54543
94.75,0.5,261.47298
94.75,0.5,261.42297
94.75,0.5,261.37297
94.75,0.5,261.32297
94.75,0.5,261.27298
94.75,0.5,261.22298
94.75,0.5,261.17297
94.75,0.5,261.12297
94.75,0.5,261.07297
94.75,0.5,261.02298
94.75,0.5,260.97298
94.75,0.5,260.92297
94.75,0.5,260.87297
94.75,0.5,260.82297
94.75,0.5,260.77298
94.75,0.5,260.72298
94.75,0.5,260.67297
94.75,0.5,260.62297
94.75,0.5,260.57297
94.75,0.5,260.52298
94.75,0.5,260.47298
94.75,0.5,260.42297
94.75,0.5,260.37297
94.75,0.5,260.32297
94.75,0.5,260.27298
94.75,0.5,260.22298
94.75,0.5,260.17297
94.75,0.5,260.12297
94.75,0.5,260.07297
94.75,0.5,260.02298
94.75,0.5,259.97298
94.75,0.5,259.92297
94.75,0.5,259.87297
94.75,0.5,259.82297
94.75,0.5,259.77298
94.75,0.5,259.72298
94.75,0.5,259.67297
94.75,0.5,259.62297
94.75,0.5,259.57297
94.75,0.5,259.52298
94.75,0.5,259.47298
94.75,0.5,259.42297
94.75,0.5,259.37297
94.75,0.5,259.32297
94.75,0.5,259.27298
94.75,0.5,259.22298
94.75,0.5,259.17297
94.75,0.5,259.12297
94.75,0.5,259.07297
94.75,0.5,259.02298
94.75,0.5,258.84798
94.75,0.5,258.29797
94.75,0.5,257.24797
95.25,0.5,261.48444
95.25,0.5,261.43443
95.25,0.5,261.38444
95.25,0.5,261.33443
95.25,0.5,261.28444
95.25,0.5,261.23444
95.25,0.5,261.18443
95.25,0.5,261.13444
95.25,0.5,261.08443
95.25,0.5,261.03444
95.25,0.5,260.98444
95.25,0.5,260.93443
95.25,0.5,260.88444
95.25,0.5,260.83443
95.25,0.5,260.78444
95.25,0.5,260.73444
95.25,0.5,260.68443
95.25,0.5,260.63444
95.25,0.5,260.58443
95.25,0.5,260.53444
95.25,0.5,260.48444
95.25,0.5,260.43443
95.25,0.5,260.38444
95.25,0.5,260.33443
95.25,0.5,260.28444
95.25,0.5,260.23444
95.25,0.5,260.18443
95.25,0.5,260.13444
95.25,0.5,260.08443
95.25,0.5,260.03444
95.25,0.5,259.98444
95.25,0.5,259.93443
95.25,0.5,259.88444
95.25,0.5,259.83443
95.25,0.5,259.78444
95.25,0.5,259.73444
95.25,0.5,259.68443
95.25,0.5,259.63444
95.25,0.5,259.58443
95.25,0.5,259.53444
95.25,0.5,259.48444
95.25,0.5,259.43443
95.25,0.5,259.38444
95.25,0.5,259.33443
95.25,0.5,259.28444
95.25,0.5,259.23444
95.25,0.5,259.18443
95.25,0.5,259.13444
95.25,0.5,259.08443
95.25,0.5,259.03444
95.25,0.5,258.85944
95.25,0.5,258.30943
95.25,0.5,257.25944
95.75,0.5,261.49842
95.75,0.5,261.44842
95.75,0.5,261.39842
95.75,0.5,261.34843
95.75,0.5,261.29842
95.75,0.5,261.24842
95.75,0.5,261.19842
95.75,0.5,261.14842
95.75,0.5,261.09843
95.75,0.5,261.04842
95.75,0.5,260.99842
95.75,0.5,260.94842
95.75,0.5,260.89842
95.75,0.5,260.84843
95.75,0.5,260.79842
95.75,0.5,260.74842
95.75,0.5,260.69842
95.75,0.5,260.64842
95.75,0.5,260.59843
95.75,0.5,260.54842
95.75,0.5,260.49842
95.75,0.5,260.44842
95.75,0.5,260.39842
95.75,0.5,260.34843
95.75,0.5,260.29842
95.75,0.5,260.24842
95.75,0.5,260.19842
95.75,0.5,260.14842
95.75,0.5,260.09843
95.75,0.5,260.04842
95.75,0.5,259.99842
95.75,0.5,259.94842
95.75,0.5,259.89842
95.75,0.5,259.84843
95.75,0.5,259.79842
95.75,0.5,259.74842
95.75,0.5,259.69842
95.75,0.5,259.64842
95.75,0.5,259.59843
95.75,0.5,259.54842
95.75,0.5,259.49842
95.75,0.5,259.44842
95.75,0.5,259.39842
95.75,0.5,259.34843
95.75,0.5,259.29842
95.75,0.5,259.24842
95.75,0.5,259.19842
95.75,0.5,259.14842
95.75,0.5,259.09843
95.75,0.5,259.04842
95.75,0.5,258.87342
95.75,0.5,258.32342
95.75,0.5,257.27342
96.25,0.5,261.51028
96.25,0.5,261.46028
96.25,0.5,261.41028
96.25,0.5,261.36029
96.25,0.5,261.31029
96.25,0.5,261.26028
96.25,0.5,261.21028
96.25,0.5,261.16028
96.25,0.5,261.11029
96.25,0.5,261.06029
96.25,0.5,261.01028
96.25,0.5,260.96028
96.25,0.5,260.91028
96.25,0.5,260.86029
96.25,0.5,260.81029
96.25,0.5,260.76028
96.25,0.5,260.71028
96.25,0.5,260.66028
96.25,0.5,260.61029
96.25,0.5,260.56029
96.25,0.5,260.51028
96.25,0.5,260.46028
96.25,0.5,260.41028
96.25,0.5,260.36029
96.25,0.5,260.31029
96.25,0.5,260.26028
96.25,0.5,260.21028
96.25,0.5,260.16028
96.25,0.5,260.11029
96.25,0.5,260.06029
96.25,0.5,260.01028
96.25,0.5,259.96028
96.25,0.5,259.91028
96.25,0.5,259.86029
96.25,0.5,259.81029
96.25,0.5,259.76028
96.25,0.5,259.71028
96.25,0.5,259.66028
96.25,0.5,259.61029
96.25,0.5,259.56029
96.25,0.5,259.51028
96.25,0.5,259.46028
96.25,0.5,259.41028
96.25,0.5,259.36029
96.25,0.5,259.31029
96.25,0.5,259.26028
96.25,0.5,259.21028
96.25,0.5,259.16028
96.25,0.5,259.11029
96.25,0.5,259.06029
96.25,0.5,258.88528
96.25,0.5,258.33528
96.25,0.5,257.28528
96.75,0.5,261.52043
96.75,0.5,261.47043
96.75,0.5,261.42043
96.75,0.5,261.37043
96.75,0.5,261.32043
96.75,0.5,261.27043
96.75,0.5,261.22043
96.75,0.5,261.17043
96.75,0.5,261.12043
96.75,0.5,261.07043
96.75,0.5,261.02043
96.75,0.5,260.97043
96.75,0.5,260.92043
96.75,0.5,260.87043
96.75,0.5,260.82043
96.75,0.5,260.77043
96.75,0.5,260.72043
96.75,0.5,260.67043
96.75,0.5,260.62043
96.75,0.5,260.57043
96.75,0.5,260.52043
96.75,0.5,260.47043
96.75,0.5,260.42043
96.75,0.5,260.37043
96.75,0.5,260.32043
96.75,0.5,260.27043
96.75,0.5,260.22043
96.75,0.5,260.17043
96.75,0.5,260.12043
96.75,0.5,260.07043
96.75,0.5,260.02043
96.75,0.5,259.97043
96.75,0.5,259.92043
96.75,0.5,259.87043
96.75,0.5,259.82043
96.75,0.5,259.77043
96.75,0.5,259.72043
96.75,0.5,259.67043
96.75,0.5,259.62043
96.75,0.5,259.57043
96.75,0.5,259.52043
96.75,0.5,259.47043
96.75,0.5,259.42043
96.75,0.5,259.37043
96.75,0.5,259.32043
96.75,0.5,259.27043
96.75,0.5,259.22043
96.75,0.5,259.17043
96.75,0.5,259.12043
96.75,0.5,259.07043
96.75,0.5,258.89543
96.75,0.5,258.34543
96.75,0.5,257.29543
97.25,0.5,255.75662
97.25,0.5,253.70662
97.25,0.5,251.15662
97.25,0.5,248.10662
97.25,0.5,244.55662
97.75,0.5,255.76876
97.75,0.5,253.71877
97.75,0.5,251.16877
97.75,0.5,248.11877
97.75,0.5,244.56877
98.25,0.5,255.78124
98.25,0.5,253.73124
98.25,0.5,251.18125
98.25,0.5,248.13125
98.25,0.5,244.58125
98.75,0.5,255.79316
98.75,0.5,253.74316
98.75,0.5,251.19316
98.75,0.5,248.14316
98.75,0.5,244.59316
99.25,0.5,255.79867
99.25,0.5,253.74867
99.25,0.5,251.19867
99.25,0.5,248.14867
99.25,0.5,244.59867
97.25,0.5,261.53162
97.25,0.5,261.48162
97.25,0.5,261.43162
97.25,0.5,261.38161
97.25,0.5,261.33162
97.25,0.5,261.28162
97.25,0.5,261.23162
97.25,0.5,261.18162
97.25,0.5,261.13161
97.25,0.5,261.08162
97.25,0.5,261.03162
97.25,0.5,260.98162
97.25,0.5,260.93162
97.25,0.5,260.88161
97.25,0.5,260.83162
97.25,0.5,260.78162
97.25,0.5,260.73162
97.25,0.5,260.68162
97.25,0.5,260.63161
97.25,0.5,260.58162
97.25,0.5,260.53162
97.25,0.5,260.48162
97.25,0.5,260.43162
97.25,0.5,260.38161
97.25,0.5,260.33162
97.25,0.5,260.28162
97.25,0.5,260.23162
97.25,0.5,260.18162
97.25,0.5,260.13161
97.25,0.5,260.08162
97.25,0.5,260.03162
97.25,0.5,259.98162
97.25,0.5,259.93162
97.25,0.5,259.88161
97.25,0.5,259.83162
97.25,0.5,259.78162
97.25,0.5,259.73162
97.25,0.5,259.68162
97.25,0.5,259.63161
97.25,0.5,259.58162
97.25,0.5,259.53162
97.25,0.5,259.48162
97.25,0.5,259.43162
97.25,0.5,259.38161
97.25,0.5,259.33162
97.25,0.5,259.28162
97.25,0.5,259.23162
97.25,0.5,259.18162
97.25,0.5,259.13161
97.25,0.5,259.08162
97.25,0.5,258.90662
97.25,0.5,258.35662
97.25,0.5,257.30662
97.75,0.5,261.54377
97.75,0.5,261.49377
97.75,0.5,261.44376
97.75,0.5,261.39377
97.75,0.5,261.34377
97.75,0.5,261.29377
97.75,0.5,261.24377
97.75,0.5,261.19376
97.75,0.5,261.14377
97.75,0.5,261.09377
97.75,0.5,261.04377
97.75,0.5,260.99377
97.75,0.5,260.94376
97.75,0.5,260.89377
97.75,0.5,260.84377
97.75,0.5,260.79377
97.75,0.5,260.74377
97.75,0.5,260.69376
97.75,0.5,260.64377
97.75,0.5,260.59377
97.75,0.5,260.54377
97.75,0.5,260.49377
97.75,0.5,260.44376
97.75,0.5,260.39377
97.75,0.5,260.34377
97.75,0.5,260.29377
97.75,0.5,260.24377
97.75,0.5,260.19376
97.75,0.5,260.14377
97.75,0.5,260.09377
97.75,0.5,260.04377
97.75,0.5,259.99377
97.75,0.5,259.94376
97.75,0.5,259.89377
97.75,0.5,259.84377
97.75,0.5,259.79377
97.75,0.5,259.74377
97.75,0.5,259.69376
97.75,0.5,259.64377
97.75,0.5,259.59377
97.75,0.5,259.54377
97.75,0.5,259.49377
97.75,0.5,259.44376
97.75,0.5,259.39377
97.75,0.5,259.34377
97.75,0.5,259.29377
97.75,0.5,259.24377
97.75,0.5,259.19376
97.75,0.5,259.14377
97.75,0.5,259.09377
97.75,0.5,258.91877
97.75,0.5,258.36877
97.75,0.5,257.31876
98.25,0.5,261.55624
98.25,0.5,261.50624
98.25,0.5,261.45624
98.25,0.5,261.40625
98.25,0.5,261.35625
98.25,0.5,261.30624
98.25,0.5,261.25624
98.25,0.5,261.20624
98.25,0.5,261.15625
98.25,0.5,261.10625
98.25,0.5,261.05624
98.25,0.5,261.00624
98.25,0.5,260.95624
98.25,0.5,260.90625
98.25,0.5,260.85625
98.25,0.5,260.80624
98.25,0.5,260.75624
98.25,0.5,260.70624
98.25,0.5,260.65625
98.25,0.5,260.60625
98.25,0.5,260.55624
98.25,0.5,260.50624
98.25,0.5,260.45624
98.25,0.5,260.40625
98.25,0.5,260.35625
98.25,0.5,260.30624
98.25,0.5,260.25624
98.25,0.5,260.20624
98.25,0.5,260.15625
98.25,0.5,260.10625
98.25,0.5,260.05624
98.25,0.5,260.00624
98.25,0.5,259.95624
98.25,0.5,259.90625
98.25,0.5,259.85625
98.25,0.5,259.80624
98.25,0.5,259.75624
98.25,0.5,259.70624
98.25,0.5,259.65625
98.25,0.5,259.60625
98.25,0.5,259.55624
98.25,0.5,259.50624
98.25,0.5,259.45624
98.25,0.5,259.40625
98.25,0.5,259.35625
98.25,0.5,259.30624
98.25,0.5,259.25624
98.25,0.5,259.20624
98.25,0.5,259.15625
98.25,0.5,259.10625
98.25,0.5,258.93124
98.25,0.5,258.38124
98.25,0.5,257.33124
98.75,0.5,261.56816
98.75,0.5,261.51816
98.75,0.5,261.46815
98.75,0.5,261.41816
98.75,0.5,261.36816
98.75,0.5,261.31816
98.75,0.5,261.26816
98.75,0.5,261.21815
98.75,0.5,261.16816
98.75,0.5,261.11816
98.75,0.5,261.06816
98.75,0.5,261.01816
98.75,0.5,260.96815
98.75,0.5,260.91816
98.75,0.5,260.86816
98.75,0.5,260.81816
98.75,0.5,260.76816
98.75,0.5,260.71815
98.75,0.5,260.66816
98.75,0.5,260.61816
98.75,0.5,260.56816
98.75,0.5,260.51816
98.75,0.5,260.46815
98.75,0.5,260.41816
98.75,0.5,260.36816
98.75,0.5,260.31816
98.75,0.5,260.26816
98.75,0.5,260.21815
98.75,0.5,260.16816
98.75,0.5,260.11816
98.75,0.5,260.06816
98.75,0.5,260.01816
98.75,0.5,259.96815
98.75,0.5,259.91816
98.75,0.5,259.86816
98.75,0.5,259.81816
98.75,0.5,259.76816
98.75,0.5,259.71815
98.75,0.5,259.66816
98.75,0.5,259.61816
98.75,0.5,259.56816
98.75,0.5,259.51816
98.75,0.5,259.46815
98.75,0.5,259.41816
98.75,0.5,259.36816
98.75,0.5,259.31816
98.75,0.5,259.26816
98.75,0.5,259.21815
98.75,0.5,259.16816
98.75,0.5,259.11816
98.75,0.5,258.94316
98.75,0.5,258.39316
98.75,0.5,257.34315
99.25,0.5,261.57367
99.25,0.5,261.52367
99.25,0.5,261.47367
99.25,0.5,261.42367
99.25,0.5,261.37366
99.25,0.5,261.32367
99.25,0.5,261.27367
99.25,0.5,261.22367
99.25,0.5,261.17367
99.25,0.5,261.12366
99.25,0.5,261.07367
99.25,0.5,261.02367
99.25,0.5,260.97367
99.25,0.5,260.92367
99.25,0.5,260.87366
99.25,0.5,260.82367
99.25,0.5,260.77367
99.25,0.5,260.72367
99.25,0.5,260.67367
99.25,0.5,260.62366
99.25,0.5,260.57367
99.25,0.5,260.52367
99.25,0.5,260.47367
99.25,0.5,260.42367
99.25,0.5,260.37366
99.25,0.5,260.32367
99.25,0.5,260.27367
99.25,0.5,260.22367
99.25,0.5,260.17367
99.25,0.5,260.12366
99.25,0.5,260.07367
99.25,0.5,260.02367
99.25,0.5,259.97367
99.25,0.5,259.92367
99.25,0.5,259.87366
99.25,0.5,259.82367
99.25,0.5,259.77367
99.25,0.5,259.72367
99.25,0.5,259.67367
99.25,0.5,259.62366
99.25,0.5,259.57367
99.25,0.5,259.52367
99.25,0.5,259.47367
99.25,0.5,259.42367
99.25,0.5,259.37366
99.25,0.5,259.32367
99.25,0.5,259.27367
99.25,0.5,259.22367
99.25,0.5,259.17367
99.25,0.5,259.12366
99.25,0.5,258.94867
99.25,0.5,258.39867
99.25,0.5,257.34867
100,0.5,255.79562
100,0.5,253.74562
100,0.5,251.19562
100,0.5,248.14561
100,0.5,244.59562
101,0.5,255.7834
101,0.5,253.7334
101,0.5,251.1834
101,0.5,248.1334
101,0.5,244.5834
102.25,0.5,255.75375
102.25,0.5,253.70376
102.25,0.5,251.15376
102.25,0.5,248.10376
102.25,0.5,244.55376
104,0.5,255.71896
104,0.5,253.66896
104,0.5,251.11896
104,0.5,248.06896
104,0.5,244.51896
100,0.5,261.57062
100,0.5,261.52062
100,0.5,261.47062
100,0.5,261.42062
100,0.5,261.37061
100,0.5,261.32062
100,0.5,261.27062
100,0.5,261.22062
100,0.5,261.17062
100,0.5,261.12061
100,0.5,261.07062
100,0.5,261.02062
100,0.5,260.97062
100,0.5,260.92062
100,0.5,260.87061
100,0.5,260.82062
100,0.5,260.77062
100,0.5,260.72062
100,0.5,260.67062
100,0.5,260.62061
100,0.5,260.57062
100,0.5,260.52062
100,0.5,260.47062
100,0.5,260.42062
100,0.5,260.37061
100,0.5,260.32062
100,0.5,260.27062
100,0.5,260.22062
100,0.5,260.17062
100,0.5,260.12061
100,0.5,260.07062
100,0.5,260.02062
100,0.5,259.97062
100,0.5,259.92062
100,0.5,259.87061
100,0.5,259.82062
100,0.5,259.77062
100,0.5,259.72062
100,0.5,259.67062
100,0.5,259.62061
100,0.5,259.57062
100,0.5,259.52062
100,0.5,259.47062
100,0.5,259.42062
100,0.5,259.37061
100,0.5,259.32062
100,0.5,259.27062
100,0.5,259.22062
100,0.5,259.17062
100,0.5,259.12061
100,0.5,258.94562
100,0.5,258.39562
100,0.5,257.34562
101,0.5,261.5584
101,0.5,261.5084
101,0.5,261.4584
101,0.5,261.40839
101,0.5,261.3584
101,0.5,261.3084
101,0.5,261.2584
101,0.5,261.2084
101,0.5,261.15839
101,0.5,261.1084
101,0.5,261.0584
101,0.5,261.0084
101,0.5,260.9584
101,0.5,260.90839
101,0.5,260.8584
101,0.5,260.8084
101,0.5,260.7584
101,0.5,260.7084
101,0.5,260.65839
101,0.5,260.6084
101,0.5,260.5584
101,0.5,260.5084
101,0.5,260.4584
101,0.5,260.40839
101,0.5,260.3584
101,0.5,260.3084
101,0.5,260.2584
101,0.5,260.2084
101,0.5,260.15839
101,0.5,260.1084
101,0.5,260.0584
101,0.5,260.0084
101,0.5,259.9584
101,0.5,259.90839
101,0.5,259.8584
101,0.5,259.8084
101,0.5,259.7584
101,0.5,259.7084
101,0.5,259.65839
101,0.5,259.6084
101,0.5,259.5584
101,0.5,259.5084
101,0.5,259.4584
101,0.5,259.40839
101,0.5,259.3584
101,0.5,259.3084
101,0.5,259.2584
101,0.5,259.2084
101,0.5,259.15839
101,0.5,259.1084
101,0.5,258.9334
101,0.5,258.3834
101,0.5,257.3334
102.25,0.5,261.52876
102.25,0.5,261.47876
102.25,0.5,261.42876
102.25,0.5,261.37875
102.25,0.5,261.32876
102.25,0.5,261.27876
102.25,0.5,261.22876
102.25,0.5,261.17876
102.25,0.5,261.12875
102.25,0.5,261.07876
102.25,0.5,261.02876
102.25,0.5,260.97876
102.25,0.5,260.92876
102.25,0.5,260.87875
102.25,0.5,260.82876
102.25,0.5,260.77876
102.25,0.5,260.72876
102.25,0.5,260.67876
102.25,0.5,260.62875
102.25,0.5,260.57876
102.25,0.5,260.52876
102.25,0.5,260.47876
102.25,0.5,260.42876
102.25,0.5,260.37875
102.25,0.5,260.32876
102.25,0.5,260.27876
102.25,0.5,260.22876
102.25,0.5,260.17876
102.25,0.5,260.12875
102.25,0.5,260.07876
102.25,0.5,260.02876
102.25,0.5,259.97876
102.25,0.5,259.92876
102.25,0.5,259.87875
102.25,0.5,259.82876
102.25,0.5,259.77876
102.25,0.5,259.72876
102.25,0.5,259.67876
102.25,0.5,259.62875
102.25,0.5,259.57876
102.25,0.5,259.52876
102.25,0.5,259.47876
102.25,0.5,259.42876
102.25,0.5,259.37875
102.25,0.5,259.32876
102.25,0.5,259.27876
102.25,0.5,259.22876
102.25,0.5,259.17876
102.25,0.5,259.12875
102.25,0.5,259.07876
102.25,0.5,258.90376
102.25,0.5,258.35376
102.25,0.5,257.30376
104,0.5,261.49396
104,0.5,261.44396
104,0.5,261.39396
104,0.5,261.34396
104,0.5,261.29395
104,0.5,261.24396
104,0.5,261.19396
104,0.5,261.14396
104,0.5,261.09396
104,0.5,261.04395
104,0.5,260.99396
104,0.5,260.94396
104,0.5,260.89396
104,0.5,260.84396
104,0.5,260.79395
104,0.5,260.74396
104,0.5,260.69396
104,0.5,260.64396
104,0.5,260.59396
104,0.5,260.54395
104,0.5,260.49396
104,0.5,260.44396
104,0.5,260.39396
104,0.5,260.34396
104,0.5,260.29395
104,0.5,260.24396
104,0.5,260.19396
104,0.5,260.14396
104,0.5,260.09396
104,0.5,260.04395
104,0.5,259.99396
104,0.5,259.94396
104,0.5,259.89396
104,0.5,259.84396
104,0.5,259.79395
104,0.5,259.74396
104,0.5,259.69396
104,0.5,259.64396
104,0.5,259.59396
104,0.5,259.54395
104,0.5,259.49396
104,0.5,259.44396
104,0.5,259.39396
104,0.5,259.34396
104,0.5,259.29395
104,0.5,259.24396
104,0.5,259.19396
104,0.5,259.14396
104,0.5,259.09396
104,0.5,259.04395
104,0.5,258.86896
104,0.5,258.31896
104,0.5,257.26896
106.25,0.5,255.71012
106.25,0.5,253.66012
106.25,0.5,251.11012
106.25,0.5,248.06012
106.25,0.5,244.51012
109,0.5,255.73623
109,0.5,253.68623
109,0.5,251.13623
109,0.5,248.08623
109,0.5,244.53622
112.25,0.5,255.76347
112.25,0.5,253.71346
112.25,0.5,251.16346
112.25,0.5,248.11346
112.25,0.5,244.56346
116,0.5,255.80172
116,0.5,253.75172
116,0.5,251.20173
116,0.5,248.15173
116,0.5,244.60172
120.25,0.5,255.86329
120.25,0.5,253.81329
120.25,0.5,251.2633
120.25,0.5,248.21329
120.25,0.5,244.66329
106.25,0.5,261.48512
106.25,0.5,261.43513
106.25,0.5,261.38512
106.25,0.5,261.33512
106.25,0.5,261.28512
106.25,0.5,261.23512
106.25,0.5,261.18513
106.25,0.5,261.13512
106.25,0.5,261.08512
106.25,0.5,261.03512
106.25,0.5,260.98512
106.25,0.5,260.93513
106.25,0.5,260.88512
106.25,0.5,260.83512
106.25,0.5,260.78512
106.25,0.5,260.73512
106.25,0.5,260.68513
106.25,0.5,260.63512
106.25,0.5,260.58512
106.25,0.5,260.53512
106.25,0.5,260.48512
106.25,0.5,260.43513
106.25,0.5,260.38512
106.25,0.5,260.33512
106.25,0.5,260.28512
106.25,0.5,260.23512
106.25,0.5,260.18513
106.25,0.5,260.13512
106.25,0.5,260.08512
106.25,0.5,260.03512
106.25,0.5,259.98512
106.25,0.5,259.93513
106.25,0.5,259.88512
106.25,0.5,259.83512
106.25,0.5,259.78512
106.25,0.5,259.73512
106.25,0.5,259.68513
106.25,0.5,259.63512
106.25,0.5,259.58512
106.25,0.5,259.53512
106.25,0.5,259.48512
106.25,0.5,259.43513
106.25,0.5,259.38512
106.25,0.5,259.33512
106.25,0.5,259.28512
106.25,0.5,259.23512
106.25,0.5,259.18513
106.25,0.5,259.13512
106.25,0.5,259.08512
106.25,0.5,259.03512
106.25,0.5,258.86012
106.25,0.5,258.31013
106.25,0.5,257.26012
109,0.5,261.51123
109,0.5,261.46124
109,0.5,261.41123
109,0.5,261.36123
109,0.5,261.31123
109,0.5,261.26123
109,0.5,261.21124
109,0.5,261.16123
109,0.5,261.11123
109,0.5,261.06123
109,0.5,261.01123
109,0.5,260.96124
109,0.5,260.91123
109,0.5,260.86123
109,0.5,260.81123
109,0.5,260.76123
109,0.5,260.71124
109,0.5,260.66123
109,0.5,260.61123
109,0.5,260.56123
109,0.5,260.51123
109,0.5,260.46124
109,0.5,260.41123
109,0.5,260.36123
109,0.5,260.31123
109,0.5,260.26123
109,0.5,260.21124
109,0.5,260.16123
109,0.5,260.11123
109,0.5,260.06123
109,0.5,260.01123
109,0.5,259.96124
109,0.5,259.91123
109,0.5,259.86123
109,0.5,259.81123
109,0.5,259.76123
109,0.5,259.71124
109,0.5,259.66123
109,0.5,259.61123
109,0.5,259.56123
109,0.5,259.51123
109,0.5,259.46124
109,0.5,259.41123
109,0.5,259.36123
109,0.5,259.31123
109,0.5,259.26123
109,0.5,259.21124
109,0.5,259.16123
109,0.5,259.11123
109,0.5,259.06123
109,0.5,258.88623
109,0.5,258.33624
109,0.5,257.28623
112.25,0.5,261.53847
112.25,0.5,261.48846
112.25,0.5,261.43846
112.25,0.5,261.38847
112.25,0.5,261.33846
112.25,0.5,261.28847
112.25,0.5,261.23846
112.25,0.5,261.18846
112.25,0.5,261.13847
112.25,0.5,261.08846
112.25,0.5,261.03847
112.25,0.5,260.98846
112.25,0.5,260.93846
112.25,0.5,260.88847
112.25,0.5,260.83846
112.25,0.5,260.78847
112.25,0.5,260.73846
112.25,0.5,260.68846
112.25,0.5,260.63847
112.25,0.5,260.58846
112.25,0.5,260.53847
112.25,0.5,260.48846
112.25,0.5,260.43846
112.25,0.5,260.38847
112.25,0.5,260.33846
112.25,0.5,260.28847
112.25,0.5,260.23846
112.25,0.5,260.18846
112.25,0.5,260.13847
112.25,0.5,260.08846
112.25,0.5,260.03847
112.25,0.5,259.98846
112.25,0.5,259.93846
112.25,0.5,259.88847
112.25,0.5,259.83846
112.25,0.5,259.78847
112.25,0.5,259.73846
112.25,0.5,259.68846
112.25,0.5,259.63847
112.25,0.5,259.58846
112.25,0.5,259.53847
112.25,0.5,259.48846
112.25,0.5,259.43846
112.25,0.5,259.38847
112.25,0.5,259.33846
112.25,0.5,259.28847
112.25,0.5,259.23846
112.25,0.5,259.18846
112.25,0.5,259.13847
112.25,0.5,259.08846
112.25,0.5,258.91347
112.25,0.5,258.36346
112.25,0.5,257.31346
116,0.5,261.57672
116,0.5,261.52672
116,0.5,261.47672
116,0.5,261.42673
116,0.5,261.37672
116,0.5,261.32672
116,0.5,261.27672
116,0.5,261.22672
116,0.5,261.17673
116,0.5,261.12672
116,0.5,261.07672
116,0.5,261.02672
116,0.5,260.97672
116,0.5,260.92673
116,0.5,260.87672
116,0.5,260.82672
116,0.5,260.77672
116,0.5,260.72672
116,0.5,260.67673
116,0.5,260.62672
116,0.5,260.57672
116,0.5,260.52672
116,0.5,260.47672
116,0.5,260.42673
116,0.5,260.37672
116,0.5,260.32672
116,0.5,260.27672
116,0.5,260.22672
116,0.5,260.17673
116,0.5,260.12672
116,0.5,260.07672
116,0.5,260.02672
116,0.5,259.97672
116,0.5,259.92673
116,0.5,259.87672
116,0.5,259.82672
116,0.5,259.77672
116,0.5,259.72672
116,0.5,259.67673
116,0.5,259.62672
116,0.5,259.57672
116,0.5,259.52672
116,0.5,259.47672
116,0.5,259.42673
116,0.5,259.37672
116,0.5,259.32672
116,0.5,259.27672
116,0.5,259.22672
116,0.5,259.17673
116,0.5,259.12672
116,0.5,258.95172
116,0.5,258.40172
116,0.5,257.35172
120.25,0.5,261.63829
120.25,0.5,261.58829
120.25,0.5,261.53829
120.25,0.5,261.4883
120.25,0.5,261.43829
120.25,0.5,261.38829
120.25,0.5,261.33829
120.25,0.5,261.28829
120.25,0.5,261.2383
120.25,0.5,261.18829
120.25,0.5,261.13829
120.25,0.5,261.08829
120.25,0.5,261.03829
120.25,0.5,260.9883
120.25,0.5,260.93829
120.25,0.5,260.88829
120.25,0.5,260.83829
120.25,0.5,260.78829
120.25,0.5,260.7383
120.25,0.5,260.68829
120.25,0.5,260.63829
120.25,0.5,260.58829
120.25,0.5,260.53829
120.25,0.5,260.4883
120.25,0.5,260.43829
120.25,0.5,260.38829
120.25,0.5,260.33829
120.25,0.5,260.28829
120.25,0.5,260.2383
120.25,0.5,260.18829
120.25,0.5,260.13829
120.25,0.5,260.08829
120.25,0.5,260.03829
120.25,0.5,259.9883
120.25,0.5,259.93829
120.25,0.5,259.88829
120.25,0.5,259.83829
120.25,0.5,259.78829
120.25,0.5,259.7383
120.25,0.5,259.68829
120.25,0.5,259.63829
120.25,0.5,259.58829
120.25,0.5,259.53829
120.25,0.5,259.4883
120.25,0.5,259.43829
120.25,0.5,259.38829
120.25,0.5,259.33829
120.25,0.5,259.28829
120.25,0.5,259.2383
120.25,0.5,259.18829
120.25,0.5,259.01329
120.25,0.5,258.46329
120.25,0.5,257.41329
125,0.5,255.95366
125,0.5,253.90366
125,0.5,251.35366
125,0.5,248.30366
125,0.5,244.75366
130.25,0.5,254.01976
130.25,0.5,251.46976
130.25,0.5,248.41975
130.25,0.5,244.86976
136,0.5,254.13614
136,0.5,251.58614
136,0.5,248.53613
136,0.5,244.98613
142.25,0.5,254.38078
142.25,0.5,251.83078
142.25,0.5,248.78078
142.25,0.5,245.23077
125,0.5,261.72865
125,0.5,261.67867
125,0.5,261.62866
125,0.5,261.57866
125,0.5,261.52866
125,0.5,261.47865
125,0.5,261.42867
125,0.5,261.37866
125,0.5,261.32866
125,0.5,261.27866
125,0.5,261.22865
125,0.5,261.17867
125,0.5,261.12866
125,0.5,261.07866
125,0.5,261.02866
125,0.5,260.97865
125,0.5,260.92867
125,0.5,260.87866
125,0.5,260.82866
125,0.5,260.77866
125,0.5,260.72865
125,0.5,260.67867
125,0.5,260.62866
125,0.5,260.57866
125,0.5,260.52866
125,0.5,260.47865
125,0.5,260.42867
125,0.5,260.37866
125,0.5,260.32866
125,0.5,260.27866
125,0.5,260.22865
125,0.5,260.17867
125,0.5,260.12866
125,0.5,260.07866
125,0.5,260.02866
125,0.5,259.97865
125,0.5,259.92867
125,0.5,259.87866
125,0.5,259.82866
125,0.5,259.77866
125,0.5,259.72865
125,0.5,259.67867
125,0.5,259.62866
125,0.5,259.57866
125,0.5,259.52866
125,0.5,259.47865
125,0.5,259.42867
125,0.5,259.37866
125,0.5,259.32866
125,0.5,259.27866
125,0.5,259.10365
125,0.5,258.55367
125,0.5,257.50366
130.25,0.5,261.84476
130.25,0.5,261.79476
130.25,0.5,261.74476
130.25,0.5,261.69476
130.25,0.5,261.64475
130.25,0.5,261.59476
130.25,0.5,261.54476
130.25,0.5,261.49476
130.25,0.5,261.44476
130.25,0.5,261.39475
130.25,0.5,261.34476
130.25,0.5,261.29476
130.25,0.5,261.24476
130.25,0.5,261.19476
130.25,0.5,261.14475
130.25,0.5,261.09476
130.25,0.5,261.04476
130.25,0.5,260.99476
130.25,0.5,260.94476
130.25,0.5,260.89475
130.25,0.5,260.84476
130.25,0.5,260.79476
130.25,0.5,260.74476
130.25,0.5,260.69476
130.25,0.5,260.64475
130.25,0.5,260.59476
130.25,0.5,260.54476
130.25,0.5,260.49476
130.25,0.5,260.44476
130.25,0.5,260.39475
130.25,0.5,260.34476
130.25,0.5,260.29476
130.25,0.5,260.24476
130.25,0.5,260.19476
130.25,0.5,260.14475
130.25,0.5,260.09476
130.25,0.5,260.04476
130.25,0.5,259.99476
130.25,0.5,259.94476
130.25,0.5,259.89475
130.25,0.5,259.84476
130.25,0.5,259.79476
130.25,0.5,259.74476
130.25,0.5,259.69476
130.25,0.5,259.64475
130.25,0.5,259.59476
130.25,0.5,259.54476
130.25,0.5,259.49476
130.25,0.5,259.44476
130.25,0.5,259.39475
130.25,0.5,259.21976
130.25,0.5,258.66976
130.25,0.5,257.61976
130.25,0.5,256.06976
136,0.5,261.96114
136,0.5,261.91113
136,0.5,261.86113
136,0.5,261.81113
136,0.5,261.76113
136,0.5,261.71114
136,0.5,261.66113
136,0.5,261.61113
136,0.5,261.56113
136,0.5,261.51113
136,0.5,261.46114
136,0.5,261.41113
136,0.5,261.36113
136,0.5,261.31113
136,0.5,261.26113
136,0.5,261.21114
136,0.5,261.16113
136,0.5,261.11113
136,0.5,261.06113
136,0.5,261.01113
136,0.5,260.96114
136,0.5,260.91113
136,0.5,260.86113
136,0.5,260.81113
136,0.5,260.76113
136,0.5,260.71114
136,0.5,260.66113
136,0.5,260.61113
136,0.5,260.56113
136,0.5,260.51113
136,0.5,260.46114
136,0.5,260.41113
136,0.5,260.36113
136,0.5,260.31113
136,0.5,260.26113
136,0.5,260.21114
136,0.5,260.16113
136,0.5,260.11113
136,0.5,260.06113
136,0.5,260.01113
136,0.5,259.96114
136,0.5,259.91113
136,0.5,259.86113
136,0.5,259.81113
136,0.5,259.76113
136,0.5,259.71114
136,0.5,259.66113
136,0.5,259.61113
136,0.5,259.56113
136,0.5,259.51113
136,0.5,259.33614
136,0.5,258.78613
136,0.5,257.73613
136,0.5,256.18613
142.25,0.5,262.20577
142.25,0.5,262.15577
142.25,0.5,262.10577
142.25,0.5,262.05578
142.25,0.5,262.00578
142.25,0.5,261.95577
142.25,0.5,261.90577
142.25,0.5,261.85577
142.25,0.5,261.80578
142.25,0.5,261.75578
142.25,0.5,261.70577
142.25,0.5,261.65577
142.25,0.5,261.60577
142.25,0.5,261.55578
142.25,0.5,261.50578
142.25,0.5,261.45577
142.25,0.5,261.40577
142.25,0.5,261.35577
142.25,0.5,261.30578
142.25,0.5,261.25578
142.25,0.5,261.20577
142.25,0.5,261.15577
142.25,0.5,261.10577
142.25,0.5,261.05578
142.25,0.5,261.00578
142.25,0.5,260.95577
142.25,0.5,260.90577
142.25,0.5,260.85577
142.25,0.5,260.80578
142.25,0.5,260.75578
142.25,0.5,260.70577
142.25,0.5,260.65577
142.25,0.5,260.60577
142.25,0.5,260.55578
142.25,0.5,260.50578
142.25,0.5,260.45577
142.25,0.5,260.40577
142.25,0.5,260.35577
142.25,0.5,260.30578
142.25,0.5,260.25578
142.25,0.5,260.20577
142.25,0.5,260.15577
142.25,0.5,260.10577
142.25,0.5,260.05578
142.25,0.5,260.00578
142.25,0.5,259.95577
142.25,0.5,259.90577
142.25,0.5,259.85577
142.25,0.5,259.80578
142.25,0.5,259.75578
142.25,0.5,259.58077
142.25,0.5,259.03077
142.25,0.5,257.98077
142.25,0.5,256.43077
149,0.5,254.78155
149,0.5,252.23155
149,0.5,249.18155
149,0.5,245.63155
156.25,0.5,255.0167
156.25,0.5,252.46669
156.25,0.5,249.41669
156.25,0.5,245.8667
164,0.5,255.06963
164,0.5,252.51963
164,0.5,249.46963
164,0.5,245.91962
172.25,0.5,255.15255
172.25,0.5,252.60255
172.25,0.5,249.55255
172.25,0.5,246.00255
149,0.5,262.60654
149,0.5,262.55655
149,0.5,262.50655
149,0.5,262.45655
149,0.5,262.40655
149,0.5,262.35654
149,0.5,262.30655
149,0.5,262.25655
149,0.5,262.20655
149,0.5,262.15655
149,0.5,262.10654
149,0.5,262.05655
149,0.5,262.00655
149,0.5,261.95655
149,0.5,261.90655
149,0.5,261.85654
149,0.5,261.80655
149,0.5,261.75655
149,0.5,261.70655
149,0.5,261.65655
149,0.5,261.60654
149,0.5,261.55655
149,0.5,261.50655
149,0.5,261.45655
149,0.5,261.40655
149,0.5,261.35654
149,0.5,261.30655
149,0.5,261.25655
149,0.5,261.20655
149,0.5,261.15655
149,0.5,261.10654
149,0.5,261.05655
149,0.5,261.00655
149,0.5,260.95655
149,0.5,260.90655
149,0.5,260.85654
149,0.5,260.80655
149,0.5,260.75655
149,0.5,260.70655
149,0.5,260.65655
149,0.5,260.60654
149,0.5,260.55655
149,0.5,260.50655
149,0.5,260.45655
149,0.5,260.40655
149,0.5,260.35654
149,0.5,260.30655
149,0.5,260.25655
149,0.5,260.20655
149,0.5,260.15655
149,0.5,259.98154
149,0.5,259.43155
149,0.5,258.38155
149,0.5,256.83155
156.25,0.5,262.84169
156.25,0.5,262.79169
156.25,0.5,262.74169
156.25,0.5,262.6917
156.25,0.5,262.64169
156.25,0.5,262.59169
156.25,0.5,262.54169
156.25,0.5,262.49169
156.25,0.5,262.4417
156.25,0.5,262.39169
156.25,0.5,262.34169
156.25,0.5,262.29169
156.25,0.5,262.24169
156.25,0.5,262.1917
156.25,0.5,262.14169
156.25,0.5,262.09169
156.25,0.5,262.04169
156.25,0.5,261.99169
156.25,0.5,261.9417
156.25,0.5,261.89169
156.25,0.5,261.84169
156.25,0.5,261.79169
156.25,0.5,261.74169
156.25,0.5,261.6917
156.25,0.5,261.64169
156.25,0.5,261.59169
156.25,0.5,261.54169
156.25,0.5,261.49169
156.25,0.5,261.4417
156.25,0.5,261.39169
156.25,0.5,261.34169
156.25,0.5,261.29169
156.25,0.5,261.24169
156.25,0.5,261.1917
156.25,0.5,261.14169
156.25,0.5,261.09169
156.25,0.5,261.04169
156.25,0.5,260.99169
156.25,0.5,260.9417
156.25,0.5,260.89169
156.25,0.5,260.84169
156.25,0.5,260.79169
156.25,0.5,260.74169
156.25,0.5,260.6917
156.25,0.5,260.64169
156.25,0.5,260.59169
156.25,0.5,260.54169
156.25,0.5,260.49169
156.25,0.5,260.4417
156.25,0.5,260.39169
156.25,0.5,260.21669
156.25,0.5,259.66669
156.25,0.5,258.61669
156.25,0.5,257.0667
164,0.5,262.89462
164,0.5,262.84463
164,0.5,262.79462
164,0.5,262.74463
164,0.5,262.69463
164,0.5,262.64462
164,0.5,262.59463
164,0.5,262.54462
164,0.5,262.49463
164,0.5,262.44463
164,0.5,262.39462
164,0.5,262.34463
164,0.5,262.29462
164,0.5,262.24463
164,0.5,262.19463
164,0.5,262.14462
164,0.5,262.09463
164,0.5,262.04462
164,0.5,261.99463
164,0.5,261.94463
164,0.5,261.89462
164,0.5,261.84463
164,0.5,261.79462
164,0.5,261.74463
164,0.5,261.69463
164,0.5,261.64462
164,0.5,261.59463
164,0.5,261.54462
164,0.5,261.49463
164,0.5,261.44463
164,0.5,261.39462
164,0.5,261.34463
164,0.5,261.29462
164,0.5,261.24463
164,0.5,261.19463
164,0.5,261.14462
164,0.5,261.09463
164,0.5,261.04462
164,0.5,260.99463
164,0.5,260.94463
164,0.5,260.89462
164,0.5,260.84463
164,0.5,260.79462
164,0.5,260.74463
164,0.5,260.69463
164,0.5,260.64462
164,0.5,260.59463
164,0.5,260.54462
164,0.5,260.49463
164,0.5,260.44463
164,0.5,260.26962
164,0.5,259.71963
164,0.5,258.66962
164,0.5,257.11963
172.25,0.5,262.97755
172.25,0.5,262.92755
172.25,0.5,262.87756
172.25,0.5,262.82755
172.25,0.5,262.77755
172.25,0.5,262.72755
172.25,0.5,262.67755
172.25,0.5,262.62756
172.25,0.5,262.57755
172.25,0.5,262.52755
172.25,0.5,262.47755
172.25,0.5,262.42755
172.25,0.5,262.37756
172.25,0.5,262.32755
172.25,0.5,262.27755
172.25,0.5,262.22755
172.25,0.5,262.17755
172.25,0.5,262.12756
172.25,0.5,262.07755
172.25,0.5,262.02755
172.25,0.5,261.97755
172.25,0.5,261.92755
172.25,0.5,261.87756
172.25,0.5,261.82755
172.25,0.5,261.77755
172.25,0.5,261.72755
172.25,0.5,261.67755
172.25,0.5,261.62756
172.25,0.5,261.57755
172.25,0.5,261.52755
172.25,0.5,261.47755
172.25,0.5,261.42755
172.25,0.5,261.37756
172.25,0.5,261.32755
172.25,0.5,261.27755
172.25,0.5,261.22755
172.25,0.5,261.17755
172.25,0.5,261.12756
172.25,0.5,261.07755
172.25,0.5,261.02755
172.25,0.5,260.97755
172.25,0.5,260.92755
172.25,0.5,260.87756
172.25,0.5,260.82755
172.25,0.5,260.77755
172.25,0.5,260.72755
172.25,0.5,260.67755
172.25,0.5,260.62756
172.25,0.5,260.57755
172.25,0.5,260.52755
172.25,0.5,260.35255
172.25,0.5,259.80255
172.25,0.5,258.75256
172.25,0.5,257.20255
181,0.5,255.2457
181,0.5,252.6957
181,0.5,249.6457
181,0.5,246.0957
190.25,0.5,255.32869
190.25,0.5,252.77869
190.25,0.5,249.72868
190.25,0.5,246.17868
200,0.5,255.4083
200,0.5,252.8583
200,0.5,249.8083
200,0.5,246.2583
210.25,0.5,255.50976
210.25,0.5,252.95977
210.25,0.5,249.90977
210.25,0.5,246.35976
221,0.5,255.58624
221,0.5,253.03624
221,0.5,249.98624
221,0.5,246.43623
181,0.5,263.07069
181,0.5,263.02069
181,0.5,262.9707
181,0.5,262.9207
181,0.5,262.8707
181,0.5,262.82069
181,0.5,262.77069
181,0.5,262.7207
181,0.5,262.6707
181,0.5,262.6207
181,0.5,262.57069
181,0.5,262.52069
181,0.5,262.4707
181,0.5,262.4207
181,0.5,262.3707
181,0.5,262.32069
181,0.5,262.27069
181,0.5,262.2207
181,0.5,262.1707
181,0.5,262.1207
181,0.5,262.07069
181,0.5,262.02069
181,0.5,261.9707
181,0.5,261.9207
181,0.5,261.8707
181,0.5,261.82069
181,0.5,261.77069
181,0.5,261.7207
181,0.5,261.6707
181,0.5,261.6207
181,0.5,261.57069
181,0.5,261.52069
181,0.5,261.4707
181,0.5,261.4207
181,0.5,261.3707
181,0.5,261.32069
181,0.5,261.27069
181,0.5,261.2207
181,0.5,261.1707
181,0.5,261.1207
181,0.5,261.07069
181,0.5,261.02069
181,0.5,260.9707
181,0.5,260.9207
181,0.5,260.8707
181,0.5,260.82069
181,0.5,260.77069
181,0.5,260.7207
181,0.5,260.6707
181,0.5,260.6207
181,0.5,260.44569
181,0.5,259.89569
181,0.5,258.8457
181,0.5,257.2957
190.25,0.5,263.15368
190.25,0.5,263.10368
190.25,0.5,263.05369
190.25,0.5,263.00368
190.25,0.5,262.95368
190.25,0.5,262.90368
190.25,0.5,262.85368
190.25,0.5,262.80369
190.25,0.5,262.75368
190.25,0.5,262.70368
190.25,0.5,262.65368
190.25,0.5,262.60368
190.25,0.5,262.55369
190.25,0.5,262.50368
190.25,0.5,262.45368
190.25,0.5,262.40368
190.25,0.5,262.35368
190.25,0.5,262.30369
190.25,0.5,262.25368
190.25,0.5,262.20368
190.25,0.5,262.15368
190.25,0.5,262.10368
190.25,0.5,262.05369
190.25,0.5,262.00368
190.25,0.5,261.95368
190.25,0.5,261.90368
190.25,0.5,261.85368
190.25,0.5,261.80369
190.25,0.5,261.75368
190.25,0.5,261.70368
190.25,0.5,261.65368
190.25,0.5,261.60368
190.25,0.5,261.55369
190.25,0.5,261.50368
190.25,0.5,261.45368
190.25,0.5,261.40368
190.25,0.5,261.35368
190.25,0.5,261.30369
190.25,0.5,261.25368
190.25,0.5,261.20368
190.25,0.5,261.15368
190.25,0.5,261.10368
190.25,0.5,261.05369
190.25,0.5,261.00368
190.25,0.5,260.95368
190.25,0.5,260.90368
190.25,0.5,260.85368
190.25,0.5,260.80369
190.25,0.5,260.75368
190.25,0.5,260.70368
190.25,0.5,260.52868
190.25,0.5,259.97868
190.25,0.5,258.92869
190.25,0.5,257.37868
200,0.5,263.2333
200,0.5,263.1833
200,0.5,263.13331
200,0.5,263.08331
200,0.5,263.0333
200,0.5,262.9833
200,0.5,262.9333
200,0.5,262.88331
200,0.5,262.83331
200,0.5,262.7833
200,0.5,262.7333
200,0.5,262.6833
200,0.5,262.63331
200,0.5,262.58331
200,0.5,262.5333
200,0.5,262.4833
200,0.5,262.4333
200,0.5,262.38331
200,0.5,262.33331
200,0.5,262.2833
200,0.5,262.2333
200,0.5,262.1833
200,0.5,262.13331
200,0.5,262.08331
200,0.5,262.0333
200,0.5,261.9833
200,0.5,261.9333
200,0.5,261.88331
200,0.5,261.83331
200,0.5,261.7833
200,0.5,261.7333
200,0.5,261.6833
200,0.5,261.63331
200,0.5,261.58331
200,0.5,261.5333
200,0.5,261.4833
200,0.5,261.4333
200,0.5,261.38331
200,0.5,261.33331
200,0.5,261.2833
200,0.5,261.2333
200,0.5,261.1833
200,0.5,261.13331
200,0.5,261.08331
200,0.5,261.0333
200,0.5,260.9833
200,0.5,260.9333
200,0.5,260.88331
200,0.5,260.83331
200,0.5,260.7833
200,0.5,260.6083
200,0.5,260.0583
200,0.5,259.00831
200,0.5,257.45831
210.25,0.5,263.33476
210.25,0.5,263.28476
210.25,0.5,263.23477
210.25,0.5,263.18477
210.25,0.5,263.13477
210.25,0.5,263.08476
210.25,0.5,263.03476
210.25,0.5,262.98477
210.25,0.5,262.93477
210.25,0.5,262.88477
210.25,0.5,262.83476
210.25,0.5,262.78476
210.25,0.5,262.73477
210.25,0.5,262.68477
210.25,0.5,262.63477
210.25,0.5,262.58476
210.25,0.5,262.53476
210.25,0.5,262.48477
210.25,0.5,262.43477
210.25,0.5,262.38477
210.25,0.5,262.33476
210.25,0.5,262.28476
210.25,0.5,262.23477
210.25,0.5,262.18477
210.25,0.5,262.13477
210.25,0.5,262.08476
210.25,0.5,262.03476
210.25,0.5,261.98477
210.25,0.5,261.93477
210.25,0.5,261.88477
210.25,0.5,261.83476
210.25,0.5,261.78476
210.25,0.5,261.73477
210.25,0.5,261.68477
210.25,0.5,261.63477
210.25,0.5,261.58476
210.25,0.5,261.53476
210.25,0.5,261.48477
210.25,0.5,261.43477
210.25,0.5,261.38477
210.25,0.5,261.33476
210.25,0.5,261.28476
210.25,0.5,261.23477
210.25,0.5,261.18477
210.25,0.5,261.13477
210.25,0.5,261.08476
210.25,0.5,261.03476
210.25,0.5,260.98477
210.25,0.5,260.93477
210.25,0.5,260.88477
210.25,0.5,260.70976
210.25,0.5,260.15976
210.25,0.5,259.10977
210.25,0.5,257.55977
221,0.5,263.41123
221,0.5,263.36124
221,0.5,263.31124
221,0.5,263.26124
221,0.5,263.21124
221,0.5,263.16123
221,0.5,263.11124
221,0.5,263.06124
221,0.5,263.01124
221,0.5,262.96124
221,0.5,262.91123
221,0.5,262.86124
221,0.5,262.81124
221,0.5,262.76124
221,0.5,262.71124
221,0.5,262.66123
221,0.5,262.61124
221,0.5,262.56124
221,0.5,262.51124
221,0.5,262.46124
221,0.5,262.41123
221,0.5,262.36124
221,0.5,262.31124
221,0.5,262.26124
221,0.5,262.21124
221,0.5,262.16123
221,0.5,262.11124
221,0.5,262.06124
221,0.5,262.01124
221,0.5,261.96124
221,0.5,261.91123
221,0.5,261.86124
221,0.5,261.81124
221,0.5,261.76124
221,0.5,261.71124
221,0.5,261.66123
221,0.5,261.61124
221,0.5,261.56124
221,0.5,261.51124
221,0.5,261.46124
221,0.5,261.41123
221,0.5,261.36124
221,0.5,261.31124
221,0.5,261.26124
221,0.5,261.21124
221,0.5,261.16123
221,0.5,261.11124
221,0.5,261.06124
221,0.5,261.01124
221,0.5,260.96124
221,0.5,260.78623
221,0.5,260.23624
221,0.5,259.18624
221,0.5,257.63624
232.25,0.5,255.87315
232.25,0.5,253.32314
232.25,0.5,250.27314
232.25,0.5,246.72314
244,0.5,253.6227
244,0.5,250.57269
244,0.5,247.02269
256.25,0.5,253.66933
256.25,0.5,250.61933
256.25,0.5,247.06933
269,0.5,253.70663
269,0.5,250.65664
269,0.5,247.10664
282.25,0.5,253.69176
282.25,0.5,250.64177
282.25,0.5,247.09177
232.25,0.5,263.69814
232.25,0.5,263.64815
232.25,0.5,263.59814
232.25,0.5,263.54814
232.25,0.5,263.49815
232.25,0.5,263.44814
232.25,0.5,263.39815
232.25,0.5,263.34814
232.25,0.5,263.29814
232.25,0.5,263.24815
232.25,0.5,263.19814
232.25,0.5,263.14815
232.25,0.5,263.09814
232.25,0.5,263.04814
232.25,0.5,262.99815
232.25,0.5,262.94814
232.25,0.5,262.89815
232.25,0.5,262.84814
232.25,0.5,262.79814
232.25,0.5,262.74815
232.25,0.5,262.69814
232.25,0.5,262.64815
232.25,0.5,262.59814
232.25,0.5,262.54814
232.25,0.5,262.49815
232.25,0.5,262.44814
232.25,0.5,262.39815
232.25,0.5,262.34814
232.25,0.5,262.29814
232.25,0.5,262.24815
232.25,0.5,262.19814
232.25,0.5,262.14815
232.25,0.5,262.09814
232.25,0.5,262.04814
232.25,0.5,261.99815
232.25,0.5,261.94814
232.25,0.5,261.89815
232.25,0.5,261.84814
232.25,0.5,261.79814
232.25,0.5,261.74815
232.25,0.5,261.69814
232.25,0.5,261.64815
232.25,0.5,261.59814
232.25,0.5,261.54814
232.25,0.5,261.49815
232.25,0.5,261.44814
232.25,0.5,261.39815
232.25,0.5,261.34814
232.25,0.5,261.29814
232.25,0.5,261.24815
232.25,0.5,261.07314
232.25,0.5,260.52315
232.25,0.5,259.47314
232.25,0.5,257.92314
244,0.5,263.9977
244,0.5,263.9477
244,0.5,263.8977
244,0.5,263.84769
244,0.5,263.7977
244,0.5,263.7477
244,0.5,263.6977
244,0.5,263.6477
244,0.5,263.59769
244,0.5,263.5477
244,0.5,263.4977
244,0.5,263.4477
244,0.5,263.3977
244,0.5,263.34769
244,0.5,263.2977
244,0.5,263.2477
244,0.5,263.1977
244,0.5,263.1477
244,0.5,263.09769
244,0.5,263.0477
244,0.5,262.9977
244,0.5,262.9477
244,0.5,262.8977
244,0.5,262.84769
244,0.5,262.7977
244,0.5,262.7477
244,0.5,262.6977
244,0.5,262.6477
244,0.5,262.59769
244,0.5,262.5477
244,0.5,262.4977
244,0.5,262.4477
244,0.5,262.3977
244,0.5,262.34769
244,0.5,262.2977
244,0.5,262.2477
244,0.5,262.1977
244,0.5,262.1477
244,0.5,262.09769
244,0.5,262.0477
244,0.5,261.9977
244,0.5,261.9477
244,0.5,261.8977
244,0.5,261.84769
244,0.5,261.7977
244,0.5,261.7477
244,0.5,261.6977
244,0.5,261.6477
244,0.5,261.59769
244,0.5,261.5477
244,0.5,261.3727
244,0.5,260.8227
244,0.5,259.7727
244,0.5,258.22269
244,0.5,256.1727
256.25,0.5,264.04433
256.25,0.5,263.99433
256.25,0.5,263.94433
256.25,0.5,263.89433
256.25,0.5,263.84433
256.25,0.5,263.79433
256.25,0.5,263.74433
256.25,0.5,263.69433
256.25,0.5,263.64433
256.25,0.5,263.59433
256.25,0.5,263.54433
256.25,0.5,263.49433
256.25,0.5,263.44433
256.25,0.5,263.39433
256.25,0.5,263.34433
256.25,0.5,263.29433
256.25,0.5,263.24433
256.25,0.5,263.19433
256.25,0.5,263.14433
256.25,0.5,263.09433
256.25,0.5,263.04433
256.25,0.5,262.99433
256.25,0.5,262.94433
256.25,0.5,262.89433
256.25,0.5,262.84433
256.25,0.5,262.79433
256.25,0.5,262.74433
256.25,0.5,262.69433
256.25,0.5,262.64433
256.25,0.5,262.59433
256.25,0.5,262.54433
256.25,0.5,262.49433
256.25,0.5,262.44433
256.25,0.5,262.39433
256.25,0.5,262.34433
256.25,0.5,262.29433
256.25,0.5,262.24433
256.25,0.5,262.19433
256.25,0.5,262.14433
256.25,0.5,262.09433
256.25,0.5,262.04433
256.25,0.5,261.99433
256.25,0.5,261.94433
256.25,0.5,261.89433
256.25,0.5,261.84433
256.25,0.5,261.79433
256.25,0.5,261.74433
256.25,0.5,261.69433
256.25,0.5,261.64433
256.25,0.5,261.59433
256.25,0.5,261.41933
256.25,0.5,260.86933
256.25,0.5,259.81933
256.25,0.5,258.26933
256.25,0.5,256.21933
269,0.5,264.08164
269,0.5,264.03164
269,0.5,263.98164
269,0.5,263.93163
269,0.5,263.88164
269,0.5,263.83164
269,0.5,263.78164
269,0.5,263.73164
269,0.5,263.68163
269,0.5,263.63164
269,0.5,263.58164
269,0.5,263.53164
269,0.5,263.48164
269,0.5,263.43163
269,0.5,263.38164
269,0.5,263.33164
269,0.5,263.28164
269,0.5,263.23164
269,0.5,263.18163
269,0.5,263.13164
269,0.5,263.08164
269,0.5,263.03164
269,0.5,262.98164
269,0.5,262.93163
269,0.5,262.88164
269,0.5,262.83164
269,0.5,262.78164
269,0.5,262.73164
269,0.5,262.68163
269,0.5,262.63164
269,0.5,262.58164
269,0.5,262.53164
269,0.5,262.48164
269,0.5,262.43163
269,0.5,262.38164
269,0.5,262.33164
269,0.5,262.28164
269,0.5,262.23164
269,0.5,262.18163
269,0.5,262.13164
269,0.5,262.08164
269,0.5,262.03164
269,0.5,261.98164
269,0.5,261.93163
269,0.5,261.88164
269,0.5,261.83164
269,0.5,261.78164
269,0.5,261.73164
269,0.5,261.68163
269,0.5,261.63164
269,0.5,261.45664
269,0.5,260.90664
269,0.5,259.85664
269,0.5,258.30663
269,0.5,256.25663
282.25,0.5,264.06677
282.25,0.5,264.01677
282.25,0.5,263.96677
282.25,0.5,263.91676
282.25,0.5,263.86676
282.25,0.5,263.81677
282.25,0.5,263.76677
282.25,0.5,263.71677
282.25,0.5,263.66676
282.25,0.5,263.61676
282.25,0.5,263.56677
282.25,0.5,263.51677
282.25,0.5,263.46677
282.25,0.5,263.41676
282.25,0.5,263.36676
282.25,0.5,263.31677
282.25,0.5,263.26677
282.25,0.5,263.21677
282.25,0.5,263.16676
282.25,0.5,263.11676
282.25,0.5,263.06677
282.25,0.5,263.01677
282.25,0.5,262.96677
282.25,0.5,262.91676
282.25,0.5,262.86676
282.25,0.5,262.81677
282.25,0.5,262.76677
282.25,0.5,262.71677
282.25,0.5,262.66676
282.25,0.5,262.61676
282.25,0.5,262.56677
282.25,0.5,262.51677
282.25,0.5,262.46677
282.25,0.5,262.41676
282.25,0.5,262.36676
282.25,0.5,262.31677
282.25,0.5,262.26677
282.25,0.5,262.21677
282.25,0.5,262.16676
282.25,0.5,262.11676
282.25,0.5,262.06677
282.25,0.5,262.01677
282.25,0.5,261.96677
282.25,0.5,261.91676
282.25,0.5,261.86676
282.25,0.5,261.81677
282.25,0.5,261.76677
282.25,0.5,261.71677
282.25,0.5,261.66676
282.25,0.5,261.61676
282.25,0.5,261.44177
282.25,0.5,260.89177
282.25,0.5,259.84177
282.25,0.5,258.29176
282.25,0.5,256.24176
